,rownum,xA,yA,zA,xC,yC,zC,rA,rB,rC,TF,Eg,duplicated,predicted,test,error
0,11.0,0.0,1.0,0.0,1.0,0.0,0.0,2.16,1.19,1.81,0.935737973770198,3.07,0,1.5195600090842694,1.0,0.5050293130018666
1,12.0,0.0,1.0,0.0,0.67,0.33,0.0,2.16,1.19,1.8595,0.932026793565938,2.85,0,1.5139270993166265,,0.46879750901171
2,13.0,0.0,1.0,0.0,0.05,0.95,0.0,2.16,1.19,1.9525,0.9253704495241613,2.325,0,1.5033456751095307,,0.3533997096303094
3,14.0,0.0,1.0,0.0,0.02,0.98,0.0,2.16,1.19,1.957,0.9250583470432208,2.305,0,1.5028337217895,,0.3480114005251627
4,15.0,0.0,1.0,0.0,0.0,1.0,0.0,2.16,1.19,1.96,0.9248507741233574,2.3,0,1.5024924221119142,1.0,0.3467424251687329
5,16.0,0.0,1.0,0.0,0.0,1.0,0.0,2.16,1.19,1.96,0.9248507741233574,2.275,0,1.5024924221119145,,0.3395637705002573
6,17.0,0.0,1.0,0.0,0.0,0.84,0.16,2.16,1.19,1.9984,0.922228339883998,2.105,0,1.5243524716186059,,0.27584205623819197
7,18.0,0.0,1.0,0.0,0.0,0.71,0.29,2.16,1.19,2.0296,0.9201436732697104,2.025,0,1.5421139976126144,,0.23846222340117806
8,19.0,0.0,1.0,0.0,0.0,0.58,0.42,2.16,1.19,2.0608,0.9180990224043868,1.91,0,1.5598757284320501,,0.18331113694657059
9,20.0,0.0,1.0,0.0,0.0,0.47,0.53,2.16,1.19,2.0872,0.916399341222844,1.795,0,1.5749050409263348,,0.12261557608560734
10,21.0,0.0,1.0,0.0,0.0,0.38,0.62,2.16,1.19,2.1088,0.9150289279523264,1.775,0,1.587201854724055,1.0,0.10580177198644787
22,33.0,0.0,0.0,1.0,0.0,0.4,0.6,2.53,1.19,2.104,0.994757991505301,1.74,0,1.5477552595899513,,0.11048548299428086
23,34.0,0.0,0.0,1.0,0.0,0.5,0.5,2.53,1.19,2.08,0.9968691930489244,1.79,0,1.5340951455591618,,0.14296360583287052
24,35.0,0.0,0.0,1.0,0.0,0.6,0.4,2.53,1.19,2.056,0.9990116138390348,1.85,0,1.5204351913278424,,0.1781431398227879
25,36.0,0.0,0.0,1.0,0.0,0.67,0.33,2.53,1.19,2.0392,1.0005302565953094,1.94,0,1.5108733203545774,,0.22119931940485696
26,37.0,0.0,0.0,1.0,0.0,0.7,0.3,2.53,1.19,2.032,1.0011859515124235,1.89,0,1.5067754004669314,1.0,0.20276433837728494
27,38.0,0.0,0.0,1.0,0.0,0.8,0.2,2.53,1.19,2.008,1.0033929246480775,1.95,0,1.4931157766545613,,0.23429960171560957
28,39.0,0.0,0.0,1.0,0.0,0.83,0.17,2.53,1.19,2.0008,1.004061490597972,2.11,0,1.4890179226488456,,0.29430430206215846
29,40.0,0.0,0.0,1.0,0.0,0.9,0.1,2.53,1.19,1.984,1.0056332735589395,2.05,0,1.4794563236801135,,0.27831398844872507
30,41.0,0.0,0.0,1.0,0.0,1.0,0.0,2.53,1.19,1.96,1.0079077611198726,2.2,1,1.4657970454484543,,0.3337286157052481
31,42.0,1.0,0.0,0.0,0.0,0.0,1.0,1.67,1.19,2.2,0.8072280953368551,1.73,1,1.5557170426140159,,0.1007415938647307
50,61.0,0.0,0.7,0.3,0.0,0.0,1.0,2.271,1.19,2.2,0.932588324095886,1.48,0,1.628105078238194,,0.1000709988095906
51,62.0,0.0,0.6,0.4,0.0,0.0,1.0,2.308,1.19,2.2,0.9403060087283056,1.47,0,1.6244325307510792,,0.1050561433680811
52,63.0,0.0,0.5,0.5,0.0,0.0,1.0,2.345,1.19,2.2,0.948023693360725,1.47,0,1.6207599832639645,,0.10255781174419358
53,64.0,0.0,0.4,0.6,0.0,0.0,1.0,2.382,1.19,2.2,0.9557413779931446,1.46,0,1.6170874357768499,1.0,0.10759413409373282
54,65.0,0.0,0.3,0.7,0.0,0.0,1.0,2.419,1.19,2.2,0.963459062625564,1.46,0,1.6134148882897352,,0.10507869060940772
55,66.0,0.0,0.2,0.8,0.0,0.0,1.0,2.456,1.19,2.2,0.971176747257984,1.46,0,1.6097423408026208,,0.10256324712508276
56,67.0,0.0,1.0,0.0,0.0,1.0,0.0,2.16,1.19,1.96,0.9248507741233574,2.2,1,1.5024924221119142,1.0,0.317048899040039
57,68.0,0.0,0.9,0.1,0.0,1.0,0.0,2.197,1.19,1.96,0.933156472823009,2.2,1,1.4988228844455682,,0.31871687070655996
58,69.0,0.0,0.8,0.2,0.0,1.0,0.0,2.234,1.19,1.96,0.9414621715226604,2.2,1,1.4951533467792222,,0.3203848423730809
59,70.0,0.0,0.7,0.3,0.0,1.0,0.0,2.271,1.19,1.96,0.9497678702223118,2.2,1,1.4914838091128764,,0.32205281403960173
60,71.0,0.0,0.6,0.4,0.0,1.0,0.0,2.308,1.19,1.96,0.9580735689219634,2.2,1,1.4878142714465303,,0.3237207857061226
61,72.0,0.0,0.5,0.5,0.0,1.0,0.0,2.345,1.19,1.96,0.9663792676216147,2.2,1,1.4841447337801843,,0.32538875737264356
62,73.0,0.0,0.4,0.6,0.0,1.0,0.0,2.382,1.19,1.96,0.9746849663212664,2.2,1,1.4804751961138383,,0.3270567290391645
63,74.0,0.0,0.3,0.7,0.0,1.0,0.0,2.419,1.19,1.96,0.9829906650209178,2.2,1,1.4768056584474922,,0.3287247007056854
64,75.0,0.0,0.2,0.8,0.0,1.0,0.0,2.456,1.19,1.96,0.9912963637205696,2.18,1,1.4731361207811462,,0.32424948588020824
65,76.0,0.0,0.1,0.9,0.0,1.0,0.0,2.493,1.19,1.96,0.9996020624202208,2.19,0,1.4694665831148004,,0.3290106926416436
66,77.0,0.0,0.0,1.0,0.0,1.0,0.0,2.53,1.19,1.96,1.0079077611198726,2.19,0,1.4657970454484543,,0.3306862806171441
67,78.0,0.7,0.3,0.0,0.0,0.3,0.7,1.817,1.19,2.128,0.8407282253709855,1.74,0,1.5397405111595346,1.0,0.11509166025314103
68,79.0,0.6,0.4,0.0,0.0,0.4,0.6,1.866,1.19,2.104,0.8522203768398887,1.75,0,1.5344166664859733,,0.12319047629372955
69,80.0,0.5,0.5,0.0,0.0,0.5,0.5,1.915,1.19,2.08,0.8638812204404456,1.76,0,1.5290936852833898,,0.1311967697253467
70,81.0,0.4,0.6,0.0,0.0,0.6,0.4,1.964,1.19,2.056,0.8757144979574616,1.82,0,1.5237715867045591,1.0,0.16276286444804444
71,82.0,0.3,0.7,0.0,0.0,0.7,0.3,2.013,1.19,2.032,0.8877240626628133,1.87,0,1.5184503904729179,,0.18799444359737016
72,83.0,0.2,0.8,0.0,0.0,0.8,0.2,2.0620000000000003,1.19,2.008,0.899913883498827,1.95,0,1.5131301169039746,,0.22403583748514122
73,84.0,0.1,0.9,0.0,0.0,0.9,0.1,2.111,1.19,1.984,0.9122880494514533,2.06,0,1.507810786927696,,0.26805301605451654
74,85.0,0.0,1.0,0.0,0.0,1.0,0.0,2.16,1.19,1.96,0.9248507741233574,2.17,0,1.5024924221119145,,0.3076071787502698
75,86.0,0.7,0.0,0.3,0.0,0.3,0.7,1.928,1.19,2.128,0.8643836963510055,1.72,0,1.5287254403804926,,0.11120613931366706
76,87.0,0.6,0.0,0.4,0.0,0.4,0.6,2.014,1.19,2.104,0.8839908090243481,1.76,0,1.5197310817277618,,0.13651643083649898
77,88.0,0.5,0.0,0.5,0.0,0.5,0.5,2.1,1.19,2.08,0.903885732525923,1.81,0,1.5107381962693924,,0.16533801311083293
78,89.0,0.4,0.0,0.6,0.0,0.6,0.4,2.186,1.19,2.056,0.9240748508297394,1.85,0,1.5017468166825234,,0.18824496395539278
79,90.0,0.3,0.0,0.7,0.0,0.7,0.3,2.272,1.19,2.032,0.9445647381213222,1.92,0,1.492756976617915,,0.2225224080115026
80,91.0,0.2,0.0,0.8,0.0,0.8,0.2,2.358,1.19,2.008,0.9653621659351052,1.97,0,1.483768710736481,,0.24681791333173553
81,92.0,0.1,0.0,0.9,0.0,0.9,0.1,2.4439999999999995,1.19,1.984,0.986474110615637,2.08,0,1.4747820547474801,,0.29097016598678843
82,93.0,0.0,0.0,1.0,0.0,1.0,0.0,2.53,1.19,1.96,1.0079077611198726,2.16,0,1.4657970454484543,,0.32139025673682675
86,97.0,0.0,0.6,0.4,0.0,0.4,0.6,2.308,1.19,2.104,0.947102343228612,1.76,0,1.5697836367272684,,0.10807747913223387
87,98.0,0.0,0.5,0.5,0.0,0.5,0.5,2.345,1.19,2.08,0.9568646809634472,1.77,0,1.5524506345731592,,0.12290924600386485
88,99.0,0.0,0.5,0.5,0.0,0.5,0.5,2.345,1.19,2.08,0.9568646809634472,1.8,0,1.5524506345731592,1.0,0.13752742523713377
89,100.0,0.0,0.4,0.6,0.0,0.6,0.4,2.382,1.19,2.056,0.9667713785908496,1.91,0,1.535118371342533,,0.19627310400914502
90,101.0,0.0,0.3,0.7,0.0,0.7,0.3,2.419,1.19,2.032,0.9768256620302056,1.96,0,1.517786863547647,,0.22561894716956782
91,102.0,0.0,0.2,0.8,0.0,0.8,0.2,2.456,1.19,2.008,0.987030854039008,2.01,0,1.5004561281964348,,0.2535044138326194
92,103.0,0.0,0.1,0.9,0.0,0.9,0.1,2.493,1.19,1.984,0.9973903778740306,2.07,0,1.4831261828112483,,0.283513921347223
93,104.0,0.0,0.0,1.0,0.0,1.0,0.0,2.53,1.19,1.96,1.0079077611198726,2.16,1,1.4657970454484543,1.0,0.32139025673682675
107,118.0,1.0,0.0,0.0,0.0,0.6,0.4,1.67,1.19,2.056,0.8116697063157967,1.77,0,1.473714254714545,,0.16739307643246046
111,122.0,0.0,1.0,0.0,0.0,1.0,0.0,2.16,1.19,1.96,0.9248507741233574,2.3,0,1.5024924221119145,,0.34674242516873277
112,123.0,0.0,1.0,0.0,0.333,0.667,0.0,2.16,1.19,1.91005,0.9283592054219472,2.5,0,1.5081753296634755,,0.3967298681346098
113,124.0,0.0,1.0,0.0,0.5,0.5,0.0,2.16,1.19,1.885,0.930161603219377,2.65,0,1.5110255359951452,,0.42980168453013384
114,125.0,0.0,1.0,0.0,0.667,0.333,0.0,2.16,1.19,1.85995,0.9319936081020546,2.75,0,1.5138758938742436,,0.4494996749548205
115,126.0,0.0,1.0,0.0,1.0,0.0,0.0,2.16,1.19,1.81,0.935737973770198,3.1,0,1.5195600090842694,,0.5098193519083002
