Feature,A1,A2,A3,B,C1,C2,C3,xA,yA,zA,xC,yC,zC,bandgap eV,checking,bandgap (Sona),measured/calculated,crystal or device (multilayer film structure),AB-,Link
rownum,A1,A2,A3,B,C1,C2,C3,xA,yA,zA,xC,yC,zC,Eg,Eg,Eg,Eg-type,,,
1,Cs,MA,FA,Pb,Cl,Br,I,1.0000,,,,,1.00,2.0200,correct,TRUE,calculated,crystal,"same article, correct",https://www.sciencedirect.com/science/article/pii/S0925838820348052
2,Cs,MA,FA,Pb,Cl,Br,I,1.0000,,,,0.33,0.67,2.1100,correct,TRUE,calculated,crystal,same article,https://www.sciencedirect.com/science/article/pii/S0925838820348052
3,Cs,MA,FA,Pb,Cl,Br,I,1.0000,,,,0.67,0.33,2.1900,correct,TRUE,calculated,crystal,same article,https://www.sciencedirect.com/science/article/pii/S0925838820348052
4,Cs,MA,FA,Pb,Cl,Br,I,1.0000,,,,1.00,0.00,2.4700,correct,TRUE,calculated,crystal,same article,https://www.sciencedirect.com/science/article/pii/S0925838820348052
5,Cs,MA,FA,Pb,Cl,Br,I,1.0000,,,0.33,,0.67,2.1700,correct,TRUE,calculated,crystal,same article,https://www.sciencedirect.com/science/article/pii/S0925838820348052
6,Cs,MA,FA,Pb,Cl,Br,I,1.0000,,,0.67,,0.33,2.3100,correct,TRUE,calculated,crystal,same article,https://www.sciencedirect.com/science/article/pii/S0925838820348052
7,Cs,MA,FA,Pb,Cl,Br,I,1.0000,,,1.00,,0.00,2.9400,correct,TRUE,calculated,crystal,same article,https://www.sciencedirect.com/science/article/pii/S0925838820348052
8,Cs,MA,FA,Pb,Cl,Br,I,1.0000,,,0.67,0.33,,2.6200,correct,TRUE,calculated,crystal,same article,https://www.sciencedirect.com/science/article/pii/S0925838820348052
9,Cs,MA,FA,Pb,Cl,Br,I,1.0000,,,0.33,0.67,,2.5400,correct,TRUE,calculated,crystal,same article,https://www.sciencedirect.com/science/article/pii/S0925838820348052
10,Cs,MA,FA,Pb,Cl,Br,I,1.0000,,,0.33,0.33,0.33,2.1900,correct,TRUE,calculated,crystal,same article,https://www.sciencedirect.com/science/article/pii/S0925838820348052
11,Cs,MA,FA,Pb,Cl,Br,I,,1,,1.00,0.00,,3.0700,correct,TRUE,,crystal,"same article, correct",Dopant compensation in alloyed CH3NH3PbBr3−xClx perovskite single crystals for gamma-ray spectroscopy | Nature Materials
12,Cs,MA,FA,Pb,Cl,Br,I,,1,,0.67,0.33,,2.8500,correct,TRUE,,crystal,same article,Dopant compensation in alloyed CH3NH3PbBr3−xClx perovskite single crystals for gamma-ray spectroscopy | Nature Materials
13,Cs,MA,FA,Pb,Cl,Br,I,,1,,0.05,0.95,,2.3250,correct,TRUE,,crystal,same article,Dopant compensation in alloyed CH3NH3PbBr3−xClx perovskite single crystals for gamma-ray spectroscopy | Nature Materials
14,Cs,MA,FA,Pb,Cl,Br,I,,1,,0.02,0.98,,2.3050,correct,TRUE,,crystal,same article,Dopant compensation in alloyed CH3NH3PbBr3−xClx perovskite single crystals for gamma-ray spectroscopy | Nature Materials
15,Cs,MA,FA,Pb,Cl,Br,I,,1,,0.00,1.00,,2.3000,correct,TRUE,,crystal,same article,Dopant compensation in alloyed CH3NH3PbBr3−xClx perovskite single crystals for gamma-ray spectroscopy | Nature Materials
16,Cs,MA,FA,Pb,Cl,Br,I,,1,,,1.00,0.00,2.2750,correct,TRUE,,film,"same article, correct",Progress on Perovskite Materials and Solar Cells with Mixed Cations and Halide Anions | ACS Applied Materials & Interfaces
17,Cs,MA,FA,Pb,Cl,Br,I,,1,,,0.84,0.16,2.1050,correct,TRUE,,film,same article,Progress on Perovskite Materials and Solar Cells with Mixed Cations and Halide Anions | ACS Applied Materials & Interfaces
18,Cs,MA,FA,Pb,Cl,Br,I,,1,,,0.71,0.29,2.0250,correct,TRUE,,film,same article,Progress on Perovskite Materials and Solar Cells with Mixed Cations and Halide Anions | ACS Applied Materials & Interfaces
19,Cs,MA,FA,Pb,Cl,Br,I,,1,,,0.58,0.42,1.9100,correct,TRUE,,film,same article,Progress on Perovskite Materials and Solar Cells with Mixed Cations and Halide Anions | ACS Applied Materials & Interfaces
20,Cs,MA,FA,Pb,Cl,Br,I,,1,,,0.47,0.53,1.7950,correct,TRUE,,film,same article,Progress on Perovskite Materials and Solar Cells with Mixed Cations and Halide Anions | ACS Applied Materials & Interfaces
21,Cs,MA,FA,Pb,Cl,Br,I,,1,,,0.38,0.62,1.7750,correct,TRUE,,film,same article,Progress on Perovskite Materials and Solar Cells with Mixed Cations and Halide Anions | ACS Applied Materials & Interfaces
22,Cs,MA,FA,Pb,Cl,Br,I,,1,,,0.29,0.71,1.7200,correct,TRUE,,film,same article,Progress on Perovskite Materials and Solar Cells with Mixed Cations and Halide Anions | ACS Applied Materials & Interfaces
23,Cs,MA,FA,Pb,Cl,Br,I,,1,,,0.20,0.80,1.6750,correct,TRUE,,film,same article,Progress on Perovskite Materials and Solar Cells with Mixed Cations and Halide Anions | ACS Applied Materials & Interfaces
24,Cs,MA,FA,Pb,Cl,Br,I,,1,,,0.13,0.87,1.6400,correct,TRUE,,film,same article,Progress on Perovskite Materials and Solar Cells with Mixed Cations and Halide Anions | ACS Applied Materials & Interfaces
25,Cs,MA,FA,Pb,Cl,Br,I,,1,,,0.06,0.94,1.6100,correct,TRUE,,film,same article,Progress on Perovskite Materials and Solar Cells with Mixed Cations and Halide Anions | ACS Applied Materials & Interfaces
26,Cs,MA,FA,Pb,Cl,Br,I,,1,,,0.00,1.00,1.5800,correct,TRUE,,film,same article,Progress on Perovskite Materials and Solar Cells with Mixed Cations and Halide Anions | ACS Applied Materials & Interfaces
27,Cs,MA,FA,Pb,Cl,Br,I,,,1.0000,,0.00,1.00,1.4700,correct,TRUE,,crsytal,"same article, correct",A Review on Energy Band‐Gap Engineering for Perovskite Photovoltaics - Hu - 2019 - Solar RRL - Wiley Online Library
28,Cs,MA,FA,Pb,Cl,Br,I,,,1.0000,,0.10,0.90,1.5300,correct,TRUE,,crsytal,same article,High Throughput Engineering of Hybrid Perovskite Semiconductors for Photovoltaic Applications (fau.de)
29,Cs,MA,FA,Pb,Cl,Br,I,,,1.0000,,0.17,0.83,1.6300,correct,TRUE,,crsytal,same article,A Review on Energy Band‐Gap Engineering for Perovskite Photovoltaics - Hu - 2019 - Solar RRL - Wiley Online Library
30,Cs,MA,FA,Pb,Cl,Br,I,,,1.0000,,0.20,0.80,1.5500,correct,TRUE,,crsytal,same article,High Throughput Engineering of Hybrid Perovskite Semiconductors for Photovoltaic Applications (fau.de)
31,Cs,MA,FA,Pb,Cl,Br,I,,,1.0000,,0.30,0.70,1.6500,correct,TRUE,,crsytal,same article,High Throughput Engineering of Hybrid Perovskite Semiconductors for Photovoltaic Applications (fau.de)
32,Cs,MA,FA,Pb,Cl,Br,I,,,1.0000,,0.33,0.67,1.7200,correct,TRUE,,crsytal,same article,A Review on Energy Band‐Gap Engineering for Perovskite Photovoltaics - Hu - 2019 - Solar RRL - Wiley Online Library
33,Cs,MA,FA,Pb,Cl,Br,I,,,1.0000,,0.40,0.60,1.7400,correct,TRUE,,crsytal,same article,High Throughput Engineering of Hybrid Perovskite Semiconductors for Photovoltaic Applications (fau.de)
34,Cs,MA,FA,Pb,Cl,Br,I,,,1.0000,,0.50,0.50,1.7900,correct,TRUE,,crsytal,same article,High Throughput Engineering of Hybrid Perovskite Semiconductors for Photovoltaic Applications (fau.de)
35,Cs,MA,FA,Pb,Cl,Br,I,,,1.0000,,0.60,0.40,1.8500,correct,TRUE,,crsytal,same article,High Throughput Engineering of Hybrid Perovskite Semiconductors for Photovoltaic Applications (fau.de)
36,Cs,MA,FA,Pb,Cl,Br,I,,,1.0000,,0.67,0.33,1.9400,correct,TRUE,,crsytal,same article,https://onlinelibrary.wiley.com/doi/abs/10.1002/solr.201900304?msockid=2a4aeae0cfa064843133ff76ce72652c
37,Cs,MA,FA,Pb,Cl,Br,I,,,1.0000,,0.70,0.30,1.8900,correct,TRUE,,crsytal,same article,High Throughput Engineering of Hybrid Perovskite Semiconductors for Photovoltaic Applications (fau.de)
38,Cs,MA,FA,Pb,Cl,Br,I,,,1.0000,,0.80,0.20,1.9500,correct,TRUE,,crsytal,same article,High Throughput Engineering of Hybrid Perovskite Semiconductors for Photovoltaic Applications (fau.de)
39,Cs,MA,FA,Pb,Cl,Br,I,,,1.0000,,0.83,0.17,2.1100,correct,TRUE,,crsytal,same article,https://onlinelibrary.wiley.com/doi/abs/10.1002/solr.201900304?msockid=2a4aeae0cfa064843133ff76ce72652c
40,Cs,MA,FA,Pb,Cl,Br,I,,,1.0000,,0.90,0.10,2.0500,correct,TRUE,,crsytal,same article,High Throughput Engineering of Hybrid Perovskite Semiconductors for Photovoltaic Applications (fau.de)
41,Cs,MA,FA,Pb,Cl,Br,I,,,1.0000,,1.00,0.00,2.2000,correct,TRUE,,crystal,same article,A Review on Energy Band‐Gap Engineering for Perovskite Photovoltaics - Hu - 2019 - Solar RRL - Wiley Online Library
42,Cs,MA,FA,Pb,Cl,Br,I,1.0000,0,,,,1.00,1.7300,correct,TRUE,,crystal,"same article, correct",A Review on Energy Band‐Gap Engineering for Perovskite Photovoltaics - Hu - 2019 - Solar RRL - Wiley Online Library
43,Cs,MA,FA,Pb,Cl,Br,I,0.2500,0.7500,,,,1.00,1.6400,correct,TRUE,,crystal,same article,A Review on Energy Band‐Gap Engineering for Perovskite Photovoltaics - Hu - 2019 - Solar RRL - Wiley Online Library
44,Cs,MA,FA,Pb,Cl,Br,I,0.1500,0.8500,,,,1.00,1.6300,correct,TRUE,,crystal,same article,A Review on Energy Band‐Gap Engineering for Perovskite Photovoltaics - Hu - 2019 - Solar RRL - Wiley Online Library
45,Cs,MA,FA,Pb,Cl,Br,I,0.1000,0.9000,,,,1.00,1.6100,correct,TRUE,,crystal,same article,A Review on Energy Band‐Gap Engineering for Perovskite Photovoltaics - Hu - 2019 - Solar RRL - Wiley Online Library
46,Cs,MA,FA,Pb,Cl,Br,I,0.0500,0.9500,,,,1.00,1.6000,correct,TRUE,,crystal,same article,A Review on Energy Band‐Gap Engineering for Perovskite Photovoltaics - Hu - 2019 - Solar RRL - Wiley Online Library
47,Cs,MA,FA,Pb,Cl,Br,I,0.0400,0.9600,,,,1.00,1.5900,correct,TRUE,,crystal,same article,A Review on Energy Band‐Gap Engineering for Perovskite Photovoltaics - Hu - 2019 - Solar RRL - Wiley Online Library
48,Cs,MA,FA,Pb,Cl,Br,I,0.0300,0.9700,,,,1.00,1.5830,correct,TRUE,,crystal,same article,A Review on Energy Band‐Gap Engineering for Perovskite Photovoltaics - Hu - 2019 - Solar RRL - Wiley Online Library
49,Cs,MA,FA,Pb,Cl,Br,I,0.0200,0.9800,,,,1.00,1.5800,correct,TRUE,,crystal,same article,A Review on Energy Band‐Gap Engineering for Perovskite Photovoltaics - Hu - 2019 - Solar RRL - Wiley Online Library
50,Cs,MA,FA,Pb,Cl,Br,I,0.0000,1.0000,,,,1.00,1.5740,correct,TRUE,,crystal,same article,A Review on Energy Band‐Gap Engineering for Perovskite Photovoltaics - Hu - 2019 - Solar RRL - Wiley Online Library
51,Cs,MA,FA,Pb,Cl,Br,I,0.0000,,1.0000,,,1.00,1.5200,correct,TRUE,,crystal,"same article, correct",Band Gap Tuning via Lattice Contraction and Octahedral Tilting in Perovskite Materials for Photovoltaics | Journal of the American Chemical Society (acs.org)
52,Cs,MA,FA,Pb,Cl,Br,I,0.1000,,0.9000,,,1.00,1.5100,correct,TRUE,,crystal,same article,Band Gap Tuning via Lattice Contraction and Octahedral Tilting in Perovskite Materials for Photovoltaics | Journal of the American Chemical Society (acs.org)
53,Cs,MA,FA,Pb,Cl,Br,I,0.2000,,0.8000,,,1.00,1.5300,correct,TRUE,,crystal,same article,Band Gap Tuning via Lattice Contraction and Octahedral Tilting in Perovskite Materials for Photovoltaics | Journal of the American Chemical Society (acs.org)
54,Cs,MA,FA,Pb,Cl,Br,I,0.2500,,0.7500,,,1.00,1.5700,correct,TRUE,,crystal,same article,Band Gap Tuning via Lattice Contraction and Octahedral Tilting in Perovskite Materials for Photovoltaics | Journal of the American Chemical Society (acs.org)
55,Cs,MA,FA,Pb,Cl,Br,I,0.3000,,0.7000,,,1.00,1.5650,correct,TRUE,,crystal,same article,Band Gap Tuning via Lattice Contraction and Octahedral Tilting in Perovskite Materials for Photovoltaics | Journal of the American Chemical Society (acs.org)
56,Cs,MA,FA,Pb,Cl,Br,I,0.3500,,0.6500,,,1.00,1.5750,correct,TRUE,,crystal,same article,Band Gap Tuning via Lattice Contraction and Octahedral Tilting in Perovskite Materials for Photovoltaics | Journal of the American Chemical Society (acs.org)
57,Cs,MA,FA,Pb,Cl,Br,I,1.0000,,0.0000,,,1.00,1.7200,correct,TRUE,,crystal,same article,Band Gap Tuning via Lattice Contraction and Octahedral Tilting in Perovskite Materials for Photovoltaics | Journal of the American Chemical Society (acs.org)
58,Cs,MA,FA,Pb,Cl,Br,I,,1.0000,0.0000,,,1.00,1.5000,correct,TRUE,,crystal,same article,High Throughput Engineering of Hybrid Perovskite Semiconductors for Photovoltaic Applications (fau.de)
59,Cs,MA,FA,Pb,Cl,Br,I,,0.9000,0.1000,,,1.00,1.5000,correct,TRUE,,crystal,same article,High Throughput Engineering of Hybrid Perovskite Semiconductors for Photovoltaic Applications (fau.de)
60,Cs,MA,FA,Pb,Cl,Br,I,,0.8000,0.2000,,,1.00,1.5000,correct,TRUE,,crystal,same article,High Throughput Engineering of Hybrid Perovskite Semiconductors for Photovoltaic Applications (fau.de)
61,Cs,MA,FA,Pb,Cl,Br,I,,0.7000,0.3000,,,1.00,1.4800,correct,TRUE,,polycrystalline 3D perovskites,"same journal, thesis",High Throughput Engineering of Hybrid Perovskite Semiconductors for Photovoltaic Applications (fau.de)
62,Cs,MA,FA,Pb,Cl,Br,I,,0.6000,0.4000,,,1.00,1.4700,correct,TRUE,,polycrystalline 3D perovskites,"same journal, thesis",High Throughput Engineering of Hybrid Perovskite Semiconductors for Photovoltaic Applications (fau.de)
63,Cs,MA,FA,Pb,Cl,Br,I,,0.5000,0.5000,,,1.00,1.4700,correct,TRUE,,polycrystalline 3D perovskites,"same journal, thesis",High Throughput Engineering of Hybrid Perovskite Semiconductors for Photovoltaic Applications (fau.de)
64,Cs,MA,FA,Pb,Cl,Br,I,,0.4000,0.6000,,,1.00,1.4600,correct,TRUE,,polycrystalline 3D perovskites,"same journal, thesis",High Throughput Engineering of Hybrid Perovskite Semiconductors for Photovoltaic Applications (fau.de)
65,Cs,MA,FA,Pb,Cl,Br,I,,0.3000,0.7000,,,1.00,1.4600,correct,TRUE,,polycrystalline 3D perovskites,"same journal, thesis",High Throughput Engineering of Hybrid Perovskite Semiconductors for Photovoltaic Applications (fau.de)
66,Cs,MA,FA,Pb,Cl,Br,I,,0.2000,0.8000,,,1.00,1.4600,correct,TRUE,,polycrystalline 3D perovskites,"same journal, thesis",High Throughput Engineering of Hybrid Perovskite Semiconductors for Photovoltaic Applications (fau.de)
67,Cs,MA,FA,Pb,Cl,Br,I,,1.0000,0.0000,,1.00,,2.2000,correct,TRUE,,polycrystalline 3D perovskites,"same journal, thesis",High Throughput Engineering of Hybrid Perovskite Semiconductors for Photovoltaic Applications (fau.de)
68,Cs,MA,FA,Pb,Cl,Br,I,,0.9000,0.1000,,1.00,,2.2000,correct,TRUE,,polycrystalline 3D perovskites,"same journal, thesis",High Throughput Engineering of Hybrid Perovskite Semiconductors for Photovoltaic Applications (fau.de)
69,Cs,MA,FA,Pb,Cl,Br,I,,0.8000,0.2000,,1.00,,2.2000,correct,TRUE,,polycrystalline 3D perovskites,"same journal, thesis",High Throughput Engineering of Hybrid Perovskite Semiconductors for Photovoltaic Applications (fau.de)
70,Cs,MA,FA,Pb,Cl,Br,I,,0.7000,0.3000,,1.00,,2.2000,correct,TRUE,,polycrystalline 3D perovskites,"same journal, thesis",High Throughput Engineering of Hybrid Perovskite Semiconductors for Photovoltaic Applications (fau.de)
71,Cs,MA,FA,Pb,Cl,Br,I,,0.6000,0.4000,,1.00,,2.2000,correct,TRUE,,polycrystalline 3D perovskites,"same journal, thesis",High Throughput Engineering of Hybrid Perovskite Semiconductors for Photovoltaic Applications (fau.de)
72,Cs,MA,FA,Pb,Cl,Br,I,,0.5000,0.5000,,1.00,,2.2000,correct,TRUE,,polycrystalline 3D perovskites,"same journal, thesis",High Throughput Engineering of Hybrid Perovskite Semiconductors for Photovoltaic Applications (fau.de)
73,Cs,MA,FA,Pb,Cl,Br,I,,0.4000,0.6000,,1.00,,2.2000,correct,TRUE,,polycrystalline 3D perovskites,"same journal, thesis",High Throughput Engineering of Hybrid Perovskite Semiconductors for Photovoltaic Applications (fau.de)
74,Cs,MA,FA,Pb,Cl,Br,I,,0.3000,0.7000,,1.00,,2.2000,correct,TRUE,,polycrystalline 3D perovskites,"same journal, thesis",High Throughput Engineering of Hybrid Perovskite Semiconductors for Photovoltaic Applications (fau.de)
75,Cs,MA,FA,Pb,Cl,Br,I,,0.2000,0.8000,,1.00,,2.1800,correct,TRUE,,polycrystalline 3D perovskites,"same journal, thesis",High Throughput Engineering of Hybrid Perovskite Semiconductors for Photovoltaic Applications (fau.de)
76,Cs,MA,FA,Pb,Cl,Br,I,,0.1000,0.9000,,1.00,,2.1900,correct,TRUE,,polycrystalline 3D perovskites,"same journal, thesis",High Throughput Engineering of Hybrid Perovskite Semiconductors for Photovoltaic Applications (fau.de)
77,Cs,MA,FA,Pb,Cl,Br,I,,0.0000,1.0000,,1.00,,2.1900,correct,TRUE,,polycrystalline 3D perovskites,"same journal, thesis",High Throughput Engineering of Hybrid Perovskite Semiconductors for Photovoltaic Applications (fau.de)
78,Cs,MA,FA,Pb,Cl,Br,I,0.7000,0.3000,,,0.30,0.70,1.7400,correct,TRUE,,polycrystalline 3D perovskites,"same journal, thesis",High Throughput Engineering of Hybrid Perovskite Semiconductors for Photovoltaic Applications (fau.de)
79,Cs,MA,FA,Pb,Cl,Br,I,0.6000,0.4000,,,0.40,0.60,1.7500,correct,TRUE,,polycrystalline 3D perovskites,"same journal, thesis",High Throughput Engineering of Hybrid Perovskite Semiconductors for Photovoltaic Applications (fau.de)
80,Cs,MA,FA,Pb,Cl,Br,I,0.5000,0.5000,,,0.50,0.50,1.7600,correct,TRUE,,polycrystalline 3D perovskites,"same journal, thesis",High Throughput Engineering of Hybrid Perovskite Semiconductors for Photovoltaic Applications (fau.de)
81,Cs,MA,FA,Pb,Cl,Br,I,0.4000,0.6000,,,0.60,0.40,1.8200,correct,TRUE,,polycrystalline 3D perovskites,"same journal, thesis",High Throughput Engineering of Hybrid Perovskite Semiconductors for Photovoltaic Applications (fau.de)
82,Cs,MA,FA,Pb,Cl,Br,I,0.3000,0.7000,,,0.70,0.30,1.8700,correct,TRUE,,polycrystalline 3D perovskites,"same journal, thesis",High Throughput Engineering of Hybrid Perovskite Semiconductors for Photovoltaic Applications (fau.de)
83,Cs,MA,FA,Pb,Cl,Br,I,0.2000,0.8000,,,0.80,0.20,1.9500,correct,TRUE,,polycrystalline 3D perovskites,"same journal, thesis",High Throughput Engineering of Hybrid Perovskite Semiconductors for Photovoltaic Applications (fau.de)
84,Cs,MA,FA,Pb,Cl,Br,I,0.1000,0.9000,,,0.90,0.10,2.0600,correct,TRUE,,polycrystalline 3D perovskites,"same journal, thesis",High Throughput Engineering of Hybrid Perovskite Semiconductors for Photovoltaic Applications (fau.de)
85,Cs,MA,FA,Pb,Cl,Br,I,0.0000,1.0000,,,1.00,0.00,2.1700,correct,TRUE,,polycrystalline 3D perovskites,"same journal, thesis",High Throughput Engineering of Hybrid Perovskite Semiconductors for Photovoltaic Applications (fau.de)
86,Cs,MA,FA,Pb,Cl,Br,I,0.7000,,0.3000,,0.30,0.70,1.7200,correct,TRUE,,polycrystalline 3D perovskites,"same journal, thesis",High Throughput Engineering of Hybrid Perovskite Semiconductors for Photovoltaic Applications (fau.de)
87,Cs,MA,FA,Pb,Cl,Br,I,0.6000,,0.4000,,0.40,0.60,1.7600,correct,TRUE,,polycrystalline 3D perovskites,"same journal, thesis",High Throughput Engineering of Hybrid Perovskite Semiconductors for Photovoltaic Applications (fau.de)
88,Cs,MA,FA,Pb,Cl,Br,I,0.5000,,0.5000,,0.50,0.50,1.8100,correct,TRUE,,polycrystalline 3D perovskites,"same journal, thesis",High Throughput Engineering of Hybrid Perovskite Semiconductors for Photovoltaic Applications (fau.de)
89,Cs,MA,FA,Pb,Cl,Br,I,0.4000,,0.6000,,0.60,0.40,1.8500,correct,TRUE,,polycrystalline 3D perovskites,"same journal, thesis",High Throughput Engineering of Hybrid Perovskite Semiconductors for Photovoltaic Applications (fau.de)
90,Cs,MA,FA,Pb,Cl,Br,I,0.3000,,0.7000,,0.70,0.30,1.9200,correct,TRUE,,polycrystalline 3D perovskites,"same journal, thesis",High Throughput Engineering of Hybrid Perovskite Semiconductors for Photovoltaic Applications (fau.de)
91,Cs,MA,FA,Pb,Cl,Br,I,0.2000,,0.8000,,0.80,0.20,1.9700,correct,TRUE,,polycrystalline 3D perovskites,"same journal, thesis",High Throughput Engineering of Hybrid Perovskite Semiconductors for Photovoltaic Applications (fau.de)
92,Cs,MA,FA,Pb,Cl,Br,I,0.1000,,0.9000,,0.90,0.10,2.0800,correct,TRUE,,polycrystalline 3D perovskites,"same journal, thesis",High Throughput Engineering of Hybrid Perovskite Semiconductors for Photovoltaic Applications (fau.de)
93,Cs,MA,FA,Pb,Cl,Br,I,0.0000,,1.0000,,1.00,0.00,2.1600,correct,TRUE,,polycrystalline 3D perovskites,"same journal, thesis",High Throughput Engineering of Hybrid Perovskite Semiconductors for Photovoltaic Applications (fau.de)
94,Cs,MA,FA,Pb,Cl,Br,I,,0.9000,0.1000,,0.10,0.90,1.5100,incorrect,1.5100,,polycrystalline 3D perovskites,"same journal, thesis",High Throughput Engineering of Hybrid Perovskite Semiconductors for Photovoltaic Applications (fau.de)
95,Cs,MA,FA,Pb,Cl,Br,I,,0.8000,0.2000,,0.20,0.80,1.5800,incorrect,1.5800,,polycrystalline 3D perovskites,"same journal, thesis",High Throughput Engineering of Hybrid Perovskite Semiconductors for Photovoltaic Applications (fau.de)
96,Cs,MA,FA,Pb,Cl,Br,I,,0.7000,0.3000,,0.30,0.70,1.6800,incorrect,1.6800,,polycrystalline 3D perovskites,"same journal, thesis",High Throughput Engineering of Hybrid Perovskite Semiconductors for Photovoltaic Applications (fau.de)
97,Cs,MA,FA,Pb,Cl,Br,I,,0.6000,0.4000,,0.40,0.60,1.7600,incorrect,1.7600,,polycrystalline 3D perovskites,"same journal, thesis",High Throughput Engineering of Hybrid Perovskite Semiconductors for Photovoltaic Applications (fau.de)
98,Cs,MA,FA,Pb,Cl,Br,I,,0.5000,0.5000,,0.50,0.50,1.7700,correct,TRUE,,polycrystalline 3D perovskites,"same journal, thesis",High Throughput Engineering of Hybrid Perovskite Semiconductors for Photovoltaic Applications (fau.de)
99,Cs,MA,FA,Pb,Cl,Br,I,,0.5000,0.5000,,0.50,0.50,1.8000,added data,,,polycrystalline 3D perovskites,"same journal, thesis",High Throughput Engineering of Hybrid Perovskite Semiconductors for Photovoltaic Applications (fau.de)
100,Cs,MA,FA,Pb,Cl,Br,I,,0.4000,0.6000,,0.60,0.40,1.9100,incorrect,1.9100,,polycrystalline 3D perovskites,"same journal, thesis",High Throughput Engineering of Hybrid Perovskite Semiconductors for Photovoltaic Applications (fau.de)
101,Cs,MA,FA,Pb,Cl,Br,I,,0.3000,0.7000,,0.70,0.30,1.9600,incorrect,1.9600,,polycrystalline 3D perovskites,"same journal, thesis",High Throughput Engineering of Hybrid Perovskite Semiconductors for Photovoltaic Applications (fau.de)
102,Cs,MA,FA,Pb,Cl,Br,I,,0.2000,0.8000,,0.80,0.20,2.0100,incorrect,2.0100,,polycrystalline 3D perovskites,"same journal, thesis",High Throughput Engineering of Hybrid Perovskite Semiconductors for Photovoltaic Applications (fau.de)
103,Cs,MA,FA,Pb,Cl,Br,I,,0.1000,0.9000,,0.90,0.10,2.0700,incorrect,2.0700,,polycrystalline 3D perovskites,"same journal, thesis",High Throughput Engineering of Hybrid Perovskite Semiconductors for Photovoltaic Applications (fau.de)
104,Cs,MA,FA,Pb,Cl,Br,I,,0.0000,1.0000,,1.00,0.00,2.1600,correct,TRUE,,polycrystalline 3D perovskites,"same journal, thesis",High Throughput Engineering of Hybrid Perovskite Semiconductors for Photovoltaic Applications (fau.de)
105,Cs,MA,FA,Pb,Cl,Br,I,,,1.0000,,,1.00,1.5020,correct,TRUE,,"film, synthesized",same article,Perovskite FA1-xMAxPbI3 for Solar Cells: Films Formation and Properties - ScienceDirect
106,Cs,MA,FA,Pb,Cl,Br,I,,0.2000,0.8000,,,1.00,1.5070,correct,TRUE,,"film, synthesized",same article,Perovskite FA1-xMAxPbI3 for Solar Cells: Films Formation and Properties - ScienceDirect
107,Cs,MA,FA,Pb,Cl,Br,I,,0.4000,0.6000,,,1.00,1.5140,correct,TRUE,,"film, synthesized",same article,Perovskite FA1-xMAxPbI3 for Solar Cells: Films Formation and Properties - ScienceDirect
108,Cs,MA,FA,Pb,Cl,Br,I,,0.6000,0.4000,,,1.00,1.5300,correct,TRUE,,"film, synthesized",same article,Perovskite FA1-xMAxPbI3 for Solar Cells: Films Formation and Properties - ScienceDirect
109,Cs,MA,FA,Pb,Cl,Br,I,,0.8000,0.2000,,,1.00,1.5540,correct,TRUE,,"film, synthesized",same article,Perovskite FA1-xMAxPbI3 for Solar Cells: Films Formation and Properties - ScienceDirect
110,Cs,MA,FA,Pb,Cl,Br,I,,1.0000,,,,1.00,1.5630,correct,TRUE,,"film, synthesized",same article,Perovskite FA1-xMAxPbI3 for Solar Cells: Films Formation and Properties - ScienceDirect
111,Cs,MA,FA,Pb,Cl,Br,I,0.1700,0.8300,,,0.17,0.83,1.6000,,,,,?,(PDF) Development of High Efficiency Four-Terminal Perovskite-Silicon Tandems (researchgate.net)
112,Cs,MA,FA,Pb,Cl,Br,I,0.0500,0.1140,0.8360,,,1.00,1.5500,correct,TRUE,,film,correct,Impermeable inorganic “walls” sandwiching perovskite layer toward inverted and indoor photovoltaic devices - ScienceDirect
113,Cs,MA,FA,Pb,Cl,Br,I,0.0500,0.1000,0.8500,,0.03,0.97,1.5500,correct,TRUE,,film,correct,Tailored Amphiphilic Molecular Mitigators for Stable Perovskite Solar Cells with 23.5% Efficiency - Zhu - 2020 - Advanced Materials - Wiley Online Library
114,Cs,MA,FA,Pb,Cl,Br,I,0.0500,0.1425,0.8075,,0.15,0.85,1.6200,not found,not found,,,not found,Reducing surficial and interfacial defects by thiocyanate ionic liquid additive and ammonium formate passivator for efficient and stable perovskite solar cells | Nano Research (springer.com)
115,Cs,MA,FA,Pb,Cl,Br,I,0.1000,0.1350,0.7650,,0.15,0.85,1.6000,correct,TRUE,,layer PVK,correct,Interface Defects Passivation and Conductivity Improvement in Planar Perovskite Solar Cells Using Na2S-Doped Compact TiO2 Electron Transport Layers
116,Cs,MA,FA,Pb,Cl,Br,I,0.0500,0.1400,0.8100,,0.15,0.85,1.5500,correct,TRUE,,PSCP,correct,Interface Engineering of electron Transport Layer‐Free Planar Perovskite Solar Cells with Efficiency Exceeding 15 % - Huang - 2017 - Energy Technology - Wiley Online Library
117,Cs,MA,FA,Pb,Cl,Br,I,,0.0500,0.9500,,0.05,0.95,1.5100,correct,TRUE,,film,correct,A fluorene-terminated hole-transporting material for highly efficient and stable perovskite solar cells | Nature Energy
118,Cs,MA,FA,Pb,Cl,Br,I,1.0000,,,,0.60,0.40,1.7700,,,,,-------,
119,Cs,MA,FA,Pb,Cl,Br,I,0.0500,0.1615,0.7885,0.17,,0.83,1.5500,correct,TRUE,,perovskite film,correct,Mixing cations and halide anions in perovskite solar cells - ScienceDirect
120,Cs,MA,FA,Pb,Cl,Br,I,0.0500,0.1600,0.7900,,0.16,0.84,1.6000,correct,TRUE,,film,correct,(PDF) Optical properties of CsFAMA-based perovskite film and its application in the inverted solar cells with poly(methyl methacrylate) passivation layer (researchgate.net)
121,Cs,MA,FA,Pb,Cl,Br,I,0.1000,0.1530,0.7470,,0.17,0.83,1.6200,correct,TRUE,,film,correct,Multi-Cation Perovskite Semiconductors for All-Perovskite Tandem Solar Cells | Semantic Scholar
122,Cs,MA,FA,Pb,Cl,Br,I,,1.0000,,,1.0000,,2.3000,correct,TRUE,,film,same article,Wide and Tunable Bandgap MAPbBr3−xClx Hybrid Perovskites with Enhanced Phase Stability: In Situ Investigation and Photovoltaic Devices - Tang - 2021 - Solar RRL - Wiley Online Library
123,Cs,MA,FA,Pb,Cl,Br,I,,1.0000,,0.3330,0.6670,,2.5000,correct,TRUE,,film,same article,Wide and Tunable Bandgap MAPbBr3−xClx Hybrid Perovskites with Enhanced Phase Stability: In Situ Investigation and Photovoltaic Devices - Tang - 2021 - Solar RRL - Wiley Online Library
124,Cs,MA,FA,Pb,Cl,Br,I,,1.0000,,0.5000,0.5000,,2.6500,correct,TRUE,,film,same article,Wide and Tunable Bandgap MAPbBr3−xClx Hybrid Perovskites with Enhanced Phase Stability: In Situ Investigation and Photovoltaic Devices - Tang - 2021 - Solar RRL - Wiley Online Library
125,Cs,MA,FA,Pb,Cl,Br,I,,1.0000,,0.6670,0.3330,,2.7500,correct,TRUE,,film,same article,Wide and Tunable Bandgap MAPbBr3−xClx Hybrid Perovskites with Enhanced Phase Stability: In Situ Investigation and Photovoltaic Devices - Tang - 2021 - Solar RRL - Wiley Online Library
126,Cs,MA,FA,Pb,Cl,Br,I,,1.0000,,1.0000,,,3.1000,correct,TRUE,,film,same article,Wide and Tunable Bandgap MAPbBr3−xClx Hybrid Perovskites with Enhanced Phase Stability: In Situ Investigation and Photovoltaic Devices - Tang - 2021 - Solar RRL - Wiley Online Library