,xA,yA,zA,xC,yC,zC,rA,rB,rC,TF,pred_Linear_Regression,pred_Random_Forest_Regression,pred_Random_Forest_Regression1,pred_Gradient_Boosting_Regression,pred_Kernel_Ridge_Regression
0,0.0,0.0,1.0,0.0,0.0,1.0,2.53,1.19,2.2,0.9866121165228228,,1.5373846879744104,1.5375558879060578,,
84,0.0,0.1,0.9,0.0,0.0,1.0,2.493,1.19,2.2,0.9788944318904031,,1.5373846879744104,1.5375558879060578,,
165,0.0,0.2,0.8,0.0,0.0,1.0,2.456,1.19,2.2,0.971176747257984,,1.5373846879744104,1.5375558879060578,,1.5103166012772131
242,0.0,0.3,0.7,0.0,0.0,1.0,2.419,1.19,2.2,0.963459062625564,,1.5373846879744104,1.5375558879060578,,1.5206851198029931
320,0.0,0.4,0.6,0.0,0.0,1.0,2.382,1.19,2.2,0.9557413779931446,,1.5373846879744104,1.5375558879060578,1.504604234861531,1.5310536383287756
396,0.0,0.5,0.5,0.0,0.0,1.0,2.345,1.19,2.2,0.948023693360725,1.5081787109375,1.5373846879744104,1.5375558879060578,,1.541422156854556
473,0.0,0.6,0.4,0.0,0.0,1.0,2.308,1.19,2.2,0.9403060087283056,1.523681640625,1.5373846879744104,1.5375558879060578,,1.551790675380336
550,0.0,0.7,0.3,0.0,0.0,1.0,2.271,1.19,2.2,0.932588324095886,1.5391845703125,1.5382268618874542,1.538398061819101,,1.5621591939061168
628,0.0,0.8,0.2,0.0,0.0,1.0,2.234,1.19,2.2,0.9248706394634666,1.5548095703125,1.5382268618874542,1.538398061819101,1.520154073617236,1.5725277124318977
704,0.0,0.9,0.1,0.0,0.0,1.0,2.197,1.19,2.2,0.917152954831047,1.5703125,1.5534495460964768,1.5541091551190334,1.5097504695996953,1.5828962309576795
1500,0.1,0.0,0.9,0.0,0.0,1.0,2.4439999999999995,1.19,2.2,0.968673714404226,,1.5383365827112527,1.5375558879060578,1.5146901726607211,
1580,0.1,0.1,0.8,0.0,0.0,1.0,2.407,1.19,2.2,0.9609560297718064,,1.5383365827112527,1.5375558879060578,1.5180041652685403,1.5009855852804683
1657,0.1,0.2,0.7,0.0,0.0,1.0,2.37,1.19,2.2,0.953238345139387,,1.5383365827112527,1.5375558879060578,1.533078285349123,1.511354103806246
1733,0.1,0.3,0.6,0.0,0.0,1.0,2.333,1.19,2.2,0.9455206605069671,,1.5383365827112527,1.5375558879060578,1.5302721012030769,1.5217226223320268
1809,0.1,0.4,0.5,0.0,0.0,1.0,2.2960000000000003,1.19,2.2,0.937802975874548,1.513916015625,1.5383365827112527,1.5375558879060578,1.5422227355445464,1.532091140857807
1885,0.1,0.5,0.4,0.0,0.0,1.0,2.2590000000000003,1.19,2.2,0.9300852912421284,1.5294189453125,1.539178756624296,1.538398061819101,1.5397644477251362,1.5424596593835882
1961,0.1,0.6,0.3,0.0,0.0,1.0,2.222,1.19,2.2,0.922367606609709,1.544921875,1.539178756624296,1.538398061819101,1.54761057516593,1.5528281779093671
2037,0.1,0.7,0.2,0.0,0.0,1.0,2.185,1.19,2.2,0.9146499219772892,1.5604248046875,1.552097841152298,1.5541091551190334,1.5496230722540902,1.5631966964351491
2113,0.1,0.8,0.1,0.0,0.0,1.0,2.148,1.19,2.2,0.90693223734487,1.5760498046875,1.5733006204473583,1.5847033136362143,1.5829418531498685,1.573565214960932
2816,0.2,0.0,0.8,0.0,0.0,1.0,2.358,1.19,2.2,0.9507353122856292,,1.5383365827112527,1.5375558879060578,1.5451019665375496,
2894,0.2,0.1,0.7,0.0,0.0,1.0,2.321,1.19,2.2,0.9430176276532096,,1.5383365827112527,1.5375558879060578,1.5556573312265338,1.5020230878094996
2971,0.2,0.2,0.6,0.0,0.0,1.0,2.284,1.19,2.2,0.9352999430207902,1.504150390625,1.539178756624296,1.538398061819101,1.548560927387151,1.512391606335279
3047,0.2,0.3,0.5,0.0,0.0,1.0,2.247,1.19,2.2,0.9275822583883706,1.5196533203125,1.539178756624296,1.538398061819101,1.5577665691400706,1.5227601248610614
3123,0.2,0.4,0.4,0.0,0.0,1.0,2.21,1.19,2.2,0.9198645737559512,1.5352783203125,1.539178756624296,1.538398061819101,1.5622274215778411,1.5331286433868403
3199,0.2,0.5,0.3,0.0,0.0,1.0,2.173,1.19,2.2,0.9121468891235316,1.5506591796875,1.5709970207663375,1.5835798691917702,1.5906141275110286,1.543497161912621
3275,0.2,0.6,0.2,0.0,0.0,1.0,2.136,1.19,2.2,0.904429204491112,1.5662841796875,1.572038081372398,1.5857443742422752,1.5906141275110286,1.553865680438402
3828,0.3,0.0,0.7,0.0,0.0,1.0,2.272,1.19,2.2,0.9327969101670324,,1.539178756624296,1.538398061819101,1.5642536848867874,
3904,0.3,0.1,0.6,0.0,0.0,1.0,2.235,1.19,2.2,0.9250792255346132,1.510009765625,1.539178756624296,1.538398061819101,1.5759601169735356,1.5030605903385306
3980,0.3,0.2,0.5,0.0,0.0,1.0,2.198,1.19,2.2,0.9173615409021934,1.5255126953125,1.545970109166637,1.5541091551190334,1.569200696525997,1.513429108864314
4056,0.3,0.3,0.4,0.0,0.0,1.0,2.161,1.19,2.2,0.909643856269774,1.5408935546875,1.5709970207663375,1.5835798691917702,1.5991763687699472,1.523797627390095
4129,0.3,0.4,0.3,0.0,0.0,1.0,2.124,1.19,2.2,0.9019261716373542,1.5565185546875,1.5765636990355156,1.5902699919053926,1.6037148647426651,1.5341661459158726
4483,0.4,0.0,0.6,0.0,0.0,1.0,2.186,1.19,2.2,0.9148585080484356,1.5155029296875,1.5538336744856316,1.5541091551190334,1.5810139656103697,
4560,0.4,0.1,0.5,0.0,0.0,1.0,2.149,1.19,2.2,0.9071408234160162,1.53125,1.5727328540996708,1.5847033136362143,1.6133264341502227,1.504098092867565
2,0.0,0.0,1.0,0.0,0.1,0.9,2.53,1.19,2.176,0.9886050244396588,1.5028076171875,1.5381512788835017,1.5383224788151486,1.5298977988811922,1.5532665623868236
86,0.0,0.1,0.9,0.0,0.1,0.9,2.493,1.19,2.176,0.9808323117528196,1.5166015625,1.5381512788835017,1.5383224788151486,1.5360572085241502,1.5636226552509505
167,0.0,0.2,0.8,0.0,0.1,0.9,2.456,1.19,2.176,0.9730595990659796,1.5306396484375,1.5381512788835017,1.5383224788151486,1.5395204014433157,1.57397874811508
244,0.0,0.3,0.7,0.0,0.1,0.9,2.419,1.19,2.176,0.96528688637914,1.54443359375,1.5381512788835017,1.5383224788151486,1.528899003139173,1.5843348409792064
322,0.0,0.4,0.6,0.0,0.1,0.9,2.382,1.19,2.176,0.9575141736923004,1.558349609375,1.5381512788835017,1.5383224788151486,1.554783947498345,1.5946909338433335
398,0.0,0.5,0.5,0.0,0.1,0.9,2.345,1.19,2.176,0.9497414610054608,1.5723876953125,1.5381512788835017,1.5383224788151486,1.5361214899201312,1.6050470267074617
475,0.0,0.6,0.4,0.0,0.1,0.9,2.308,1.19,2.176,0.9419687483186212,1.5863037109375,1.5381512788835017,1.5383224788151486,1.5459540747279417,1.61540311957159
552,0.0,0.7,0.3,0.0,0.1,0.9,2.271,1.19,2.176,0.9341960356317814,1.6002197265625,1.5389934527965448,1.539164652728192,1.5455954166467505,1.6257592124357183
630,0.0,0.8,0.2,0.0,0.1,0.9,2.234,1.19,2.176,0.926423322944942,1.6141357421875,1.5389934527965448,1.539164652728192,1.5577630630645107,1.636115305299843
706,0.0,0.9,0.1,0.0,0.1,0.9,2.197,1.19,2.176,0.9186506102581022,1.628173828125,1.54836864411235,1.5408813544825783,1.5546127180730531,1.6464713981639738
1502,0.1,0.0,0.9,0.0,0.1,0.9,2.4439999999999995,1.19,2.176,0.9705387192756532,1.5203857421875,1.539103173620343,1.5383224788151486,1.5529955358766965,1.5542751836482274
1582,0.1,0.1,0.8,0.0,0.1,0.9,2.407,1.19,2.176,0.9627660065888138,1.5341796875,1.539103173620343,1.5383224788151486,1.5449522371151767,1.5646312765123578
1659,0.1,0.2,0.7,0.0,0.1,0.9,2.37,1.19,2.176,0.954993293901974,1.548095703125,1.539103173620343,1.5383224788151486,1.569810025922547,1.5749873693764864
1735,0.1,0.3,0.6,0.0,0.1,0.9,2.333,1.19,2.176,0.9472205812151344,1.56201171875,1.539103173620343,1.5383224788151486,1.5666915951837104,1.585343462240615
1811,0.1,0.4,0.5,0.0,0.1,0.9,2.2960000000000003,1.19,2.176,0.9394478685282948,1.5760498046875,1.539103173620343,1.5383224788151486,1.5752003947126552,1.5956995551047417
1887,0.1,0.5,0.4,0.0,0.1,0.9,2.2590000000000003,1.19,2.176,0.9316751558414552,1.58984375,1.539945347533387,1.539164652728192,1.5689130910201772,1.6060556479688692
1963,0.1,0.6,0.3,0.0,0.1,0.9,2.222,1.19,2.176,0.9239024431546154,1.6038818359375,1.539945347533387,1.539164652728192,1.574518020682231,1.616411740832996
2039,0.1,0.7,0.2,0.0,0.1,0.9,2.185,1.19,2.176,0.916129730467776,1.61767578125,1.552864432061389,1.5548757460281244,1.5749980625418123,1.6267678336971243
2115,0.1,0.8,0.1,0.0,0.1,0.9,2.148,1.19,2.176,0.908357017780936,1.6317138671875,1.5740672113564491,1.5854699045453051,1.6090509394838777,1.6371239265612516
2818,0.2,0.0,0.8,0.0,0.1,0.9,2.358,1.19,2.176,0.9524724141116478,1.5377197265625,1.539103173620343,1.5383224788151486,1.5638423049351975,1.5552838049096391
2896,0.2,0.1,0.7,0.0,0.1,0.9,2.321,1.19,2.176,0.944699701424808,1.5517578125,1.539103173620343,1.5383224788151486,1.569219668905505,1.5656398977737656
2973,0.2,0.2,0.6,0.0,0.1,0.9,2.284,1.19,2.176,0.9369269887379684,1.565673828125,1.539103173620343,1.5383224788151486,1.5761784568246306,1.5759959906378929
3049,0.2,0.3,0.5,0.0,0.1,0.9,2.247,1.19,2.176,0.9291542760511288,1.57958984375,1.539945347533387,1.539164652728192,1.5788784648552503,1.5863520835020195
3125,0.2,0.4,0.4,0.0,0.1,0.9,2.21,1.19,2.176,0.9213815633642892,1.5936279296875,1.539945347533387,1.539164652728192,1.5837651232799734,1.5967081763661477
3201,0.2,0.5,0.3,0.0,0.1,0.9,2.173,1.19,2.176,0.9136088506774496,1.6075439453125,1.5709521923205898,1.5835350407460222,1.6106289880681215,1.607064269230277
3277,0.2,0.6,0.2,0.0,0.1,0.9,2.136,1.19,2.176,0.90583613799061,1.621337890625,1.572804672281489,1.5854699045453051,1.6113630841144084,1.6174203620944057
3830,0.3,0.0,0.7,0.0,0.1,0.9,2.272,1.19,2.176,0.934406108947642,1.555419921875,1.539945347533387,1.539164652728192,1.5726152163232907,1.556292426171047
3906,0.3,0.1,0.6,0.0,0.1,0.9,2.235,1.19,2.176,0.9266333962608024,1.5693359375,1.539945347533387,1.539164652728192,1.5761355612673498,1.566648519035173
3982,0.3,0.2,0.5,0.0,0.1,0.9,2.198,1.19,2.176,0.9188606835739628,1.583251953125,1.54088920718251,1.5408813544825783,1.5855375919856614,1.5770046118992995
4058,0.3,0.3,0.4,0.0,0.1,0.9,2.161,1.19,2.176,0.911087970887123,1.59716796875,1.5717636116754283,1.5843464601008612,1.6129568080919834,1.587360704763427
4131,0.3,0.4,0.3,0.0,0.1,0.9,2.124,1.19,2.176,0.9033152582002836,1.6112060546875,1.5750831427974594,1.5879267083946091,1.6174953040647015,1.597716797627556
4485,0.4,0.0,0.6,0.0,0.1,0.9,2.186,1.19,2.176,0.9163398037836364,1.5728759765625,1.5546002653947224,1.5548757460281244,1.5800051171276104,1.5573010474324525
4562,0.4,0.1,0.5,0.0,0.1,0.9,2.149,1.19,2.176,0.9085670910967968,1.5869140625,1.5734994450087618,1.5843464601008612,1.6130516817137504,1.5676571402965802
4632,0.4,0.2,0.4,0.0,0.1,0.9,2.112,1.19,2.176,0.9007943784099572,1.600830078125,1.5805402612089745,1.5910365828144837,1.6313969315484946,1.5780132331607066
4,0.0,0.0,1.0,0.0,0.2,0.8,2.53,1.19,2.152,0.99062655580952,1.57568359375,1.5388011598358822,1.5383224788151486,1.55583543305562,1.6169600238937625
88,0.0,0.1,0.9,0.0,0.2,0.8,2.493,1.19,2.152,0.982798024719184,1.588134765625,1.5388011598358822,1.5383224788151486,1.5628981193230744,1.6273035126307185
169,0.0,0.2,0.8,0.0,0.2,0.8,2.456,1.19,2.152,0.9749694936288482,1.600341796875,1.5388011598358822,1.5383224788151486,1.5663613122422402,1.6376470013676765
246,0.0,0.3,0.7,0.0,0.2,0.8,2.419,1.19,2.152,0.9671409625385124,1.612548828125,1.5388011598358822,1.5383224788151486,1.5776939945240482,1.6479904901046338
324,0.0,0.4,0.6,0.0,0.2,0.8,2.382,1.19,2.152,0.9593124314481764,1.6251220703125,1.5388011598358822,1.5383224788151486,1.5825266501193496,1.658333978841592
400,0.0,0.5,0.5,0.0,0.2,0.8,2.345,1.19,2.152,0.9514839003578408,1.6373291015625,1.5388011598358822,1.5383224788151486,1.563864192541136,1.6686774675785476
477,0.0,0.6,0.4,0.0,0.2,0.8,2.308,1.19,2.152,0.943655369267505,1.6495361328125,1.5388011598358822,1.5383224788151486,1.5736967773489463,1.6790209563155063
554,0.0,0.7,0.3,0.0,0.2,0.8,2.271,1.19,2.152,0.9358268381771692,1.661865234375,1.539643333748926,1.539164652728192,1.573338119267755,1.689364445052462
632,0.0,0.8,0.2,0.0,0.2,0.8,2.234,1.19,2.152,0.9279983070868334,1.6741943359375,1.539643333748926,1.539164652728192,1.5821424184553592,1.699707933789422
708,0.0,0.9,0.1,0.0,0.2,0.8,2.197,1.19,2.152,0.9201697759964976,1.6864013671875,1.548074665415608,1.539164652728192,1.58138587191812,
1504,0.1,0.0,0.9,0.0,0.2,0.8,2.4439999999999995,1.19,2.152,0.972430510572523,1.5894775390625,1.5397530545727245,1.5383224788151486,1.580738238497701,1.6179393490757985
1584,0.1,0.1,0.8,0.0,0.2,0.8,2.407,1.19,2.152,0.9646019794821872,1.6019287109375,1.5397530545727245,1.5383224788151486,1.5726949397361816,1.628282837812757
1661,0.1,0.2,0.7,0.0,0.2,0.8,2.37,1.19,2.152,0.9567734483918516,1.6142578125,1.5397530545727245,1.5383224788151486,1.5975527285435516,1.6386263265497116
1737,0.1,0.3,0.6,0.0,0.2,0.8,2.333,1.19,2.152,0.9489449173015156,1.6263427734375,1.5397530545727245,1.5383224788151486,1.5943600196571153,1.648969815286673
1813,0.1,0.4,0.5,0.0,0.2,0.8,2.2960000000000003,1.19,2.152,0.94111638621118,1.6387939453125,1.5397530545727245,1.5383224788151486,1.6029430973336598,1.659313304023628
1889,0.1,0.5,0.4,0.0,0.2,0.8,2.2590000000000003,1.19,2.152,0.933287855120844,1.6510009765625,1.5405952284857676,1.539164652728192,1.5966557936411818,1.669656792760586
1965,0.1,0.6,0.3,0.0,0.2,0.8,2.222,1.19,2.152,0.9254593240305083,1.663330078125,1.5405952284857676,1.539164652728192,1.602260723303235,1.6800002814975428
2041,0.1,0.7,0.2,0.0,0.2,0.8,2.185,1.19,2.152,0.9176307929401724,1.6756591796875,1.552573919074376,1.5509719367589625,1.602260723303235,1.690343770234501
2117,0.1,0.8,0.1,0.0,0.2,0.8,2.148,1.19,2.152,0.9098022618498368,1.6881103515625,1.5747170923088298,1.5843464601008612,1.6315378542371768,
2820,0.2,0.0,0.8,0.0,0.2,0.8,2.358,1.19,2.152,0.9542344653355264,1.6033935546875,1.5397530545727245,1.5383224788151486,1.588266550569746,1.6189186742578374
2898,0.2,0.1,0.7,0.0,0.2,0.8,2.321,1.19,2.152,0.9464059342451904,1.6156005859375,1.5397530545727245,1.5383224788151486,1.5936439145400534,1.629262162994796
2975,0.2,0.2,0.6,0.0,0.2,0.8,2.284,1.19,2.152,0.9385774031548548,1.6279296875,1.5397530545727245,1.5383224788151486,1.6006027024591791,1.6396056517317523
3051,0.2,0.3,0.5,0.0,0.2,0.8,2.247,1.19,2.152,0.930748872064519,1.6402587890625,1.5405952284857676,1.539164652728192,1.5985165562515091,1.64994914046871
3127,0.2,0.4,0.4,0.0,0.2,0.8,2.21,1.19,2.152,0.9229203409741832,1.6527099609375,1.5405952284857676,1.539164652728192,1.608189368914522,1.6602926292056663
3203,0.2,0.5,0.3,0.0,0.2,0.8,2.173,1.19,2.152,0.9150918098838472,1.6649169921875,1.5636182686790452,1.5548757460281244,1.620414808571646,1.6706361179426237
3279,0.2,0.6,0.2,0.0,0.2,0.8,2.136,1.19,2.152,0.9072632787935117,1.6771240234375,1.57345455323387,1.5854699045453051,1.6305315418812516,1.68097960667958
3832,0.3,0.0,0.7,0.0,0.2,0.8,2.272,1.19,2.152,0.9360384200985294,1.6170654296875,1.5405952284857676,1.539164652728192,1.5970394619578392,1.6198979994398774
3908,0.3,0.1,0.6,0.0,0.2,0.8,2.235,1.19,2.152,0.928209889008194,1.6295166015625,1.5405952284857676,1.539164652728192,1.6005598069018985,1.6302414881768348
3984,0.3,0.2,0.5,0.0,0.2,0.8,2.198,1.19,2.152,0.920381357917858,1.6417236328125,1.5405952284857676,1.539164652728192,1.6099618376202098,1.6405849769137912
4060,0.3,0.3,0.4,0.0,0.2,0.8,2.161,1.19,2.152,0.9125528268275224,1.654052734375,1.5724134926278095,1.5843464601008612,1.6313911698125394,1.6509284656507464
4133,0.3,0.4,0.3,0.0,0.2,0.8,2.124,1.19,2.152,0.9047242957371864,1.6663818359375,1.5743172805065972,1.586510965151366,1.6366637618315445,1.6612719543877064
4487,0.4,0.0,0.6,0.0,0.2,0.8,2.186,1.19,2.152,0.9178423748615328,1.630859375,1.5543097524077094,1.5509719367589625,1.6009079693539032,1.6208773246219137
4564,0.4,0.1,0.5,0.0,0.2,0.8,2.149,1.19,2.152,0.9100138437711972,1.643310546875,1.5741493259611423,1.5843464601008612,1.6322201394805935,1.6312208133588713
4634,0.4,0.2,0.4,0.0,0.2,0.8,2.112,1.19,2.152,0.9021853126808612,1.655517578125,1.5811901421613552,1.5910365828144837,1.6505653893153378,1.6415643020958297
6,0.0,0.0,1.0,0.0,0.3,0.7,2.53,1.19,2.128,0.9926773317561596,1.649658203125,1.6658362001253175,1.6608437155705769,1.6458347718226345,1.6806600889999008
90,0.0,0.1,0.9,0.0,0.3,0.7,2.493,1.19,2.128,0.9847921747628198,1.6602783203125,1.6649008667919842,1.6608437155705769,1.6518254399874033,1.6909907912714996
171,0.0,0.2,0.8,0.0,0.3,0.7,2.456,1.19,2.128,0.9769070177694796,1.6710205078125,1.6649008667919842,1.6608437155705769,1.6589973632600343,
248,0.0,0.3,0.7,0.0,0.3,0.7,2.419,1.19,2.128,0.9690218607761396,1.6815185546875,1.6649008667919842,1.6608437155705769,1.6679573384261104,
326,0.0,0.4,0.6,0.0,0.3,0.7,2.382,1.19,2.128,0.9611367037827996,1.6922607421875,1.6649008667919842,1.6608437155705769,1.665357957647678,
402,0.0,0.5,0.5,0.0,0.3,0.7,2.345,1.19,2.128,0.9532515467894594,,1.6649008667919842,1.6608437155705769,1.6466955000694643,
479,0.0,0.6,0.4,0.0,0.3,0.7,2.308,1.19,2.128,0.9453663897961194,,1.6649008667919842,1.6608437155705769,1.6565280848772748,
556,0.0,0.7,0.3,0.0,0.3,0.7,2.271,1.19,2.128,0.9374812328027796,,1.6649008667919842,1.6608437155705769,1.6561694267960834,
634,0.0,0.8,0.2,0.0,0.3,0.7,2.234,1.19,2.128,0.9295960758094396,,1.6649008667919842,1.6608437155705769,1.6649737259836876,
710,0.0,0.9,0.1,0.0,0.3,0.7,2.197,1.19,2.128,0.9217109188160992,,1.6668935334586508,1.6608437155705769,1.6642171794464484,
1506,0.1,0.0,0.9,0.0,0.3,0.7,2.4439999999999995,1.19,2.128,0.9743496695554232,1.6597900390625,1.6649008667919842,1.6608437155705769,1.6510358835263466,1.6816096942894871
1586,0.1,0.1,0.8,0.0,0.3,0.7,2.407,1.19,2.128,0.9664645125620834,1.670166015625,1.6649008667919842,1.6608437155705769,1.6474316474941022,1.6919403965610873
1663,0.1,0.2,0.7,0.0,0.3,0.7,2.37,1.19,2.128,0.9585793555687432,1.680908203125,1.6649008667919842,1.6608437155705769,1.6650038593275496,
1739,0.1,0.3,0.6,0.0,0.3,0.7,2.333,1.19,2.128,0.9506941985754034,1.6915283203125,1.6649008667919842,1.6608437155705769,1.6618111504411133,
1815,0.1,0.4,0.5,0.0,0.3,0.7,2.2960000000000003,1.19,2.128,0.9428090415820636,,1.6649008667919842,1.6608437155705769,1.6703942281176578,
1891,0.1,0.5,0.4,0.0,0.3,0.7,2.2590000000000003,1.19,2.128,0.9349238845887232,,1.6649008667919842,1.6608437155705769,1.6641069244251798,
1967,0.1,0.6,0.3,0.0,0.3,0.7,2.222,1.19,2.128,0.9270387275953832,,1.6649008667919842,1.6608437155705769,1.6693636916352284,
2043,0.1,0.7,0.2,0.0,0.3,0.7,2.185,1.19,2.128,0.9191535706020432,,1.6659785334586508,1.6608437155705769,1.669711854087233,
2119,0.1,0.8,0.1,0.0,0.3,0.7,2.148,1.19,2.128,0.911268413608703,,1.6742629289155664,1.6724998149901966,1.6813149416123454,
2822,0.2,0.0,0.8,0.0,0.3,0.7,2.358,1.19,2.128,0.9560220073546872,1.6695556640625,1.6649008667919842,1.6608437155705769,1.655717681353744,1.6825592995790748
2900,0.2,0.1,0.7,0.0,0.3,0.7,2.321,1.19,2.128,0.9481368503613472,1.68017578125,1.6649008667919842,1.6608437155705769,1.6596879849099708,1.6928900018506745
2977,0.2,0.2,0.6,0.0,0.3,0.7,2.284,1.19,2.128,0.9402516933680072,1.69091796875,1.6649008667919842,1.6608437155705769,1.6680538332431771,
3053,0.2,0.3,0.5,0.0,0.3,0.7,2.247,1.19,2.128,0.9323665363746668,,1.6649008667919842,1.6608437155705769,1.6659676870355071,
3129,0.2,0.4,0.4,0.0,0.3,0.7,2.21,1.19,2.128,0.924481379381327,,1.6649008667919842,1.6608437155705769,1.67564049969852,
3205,0.2,0.5,0.3,0.0,0.3,0.7,2.173,1.19,2.128,0.916596222387987,,1.6713965251722511,1.6633501852675467,1.670191895946815,
3281,0.2,0.6,0.2,0.0,0.3,0.7,2.136,1.19,2.128,0.9087110653946469,,1.6733479289155664,1.6724998149901966,1.6803086292564202,
3348,0.2,0.7,0.1,0.0,0.3,0.7,2.099,1.19,2.128,0.9008259084013068,,1.6788316511538477,1.67581098820887,1.6898614837065054,
3834,0.3,0.0,0.7,0.0,0.3,0.7,2.272,1.19,2.128,0.9376943451539508,1.679443359375,1.6649008667919842,1.6608437155705769,1.6644905927418372,1.6835089048686591
3910,0.3,0.1,0.6,0.0,0.3,0.7,2.235,1.19,2.128,0.9298091881606106,1.6903076171875,1.6649008667919842,1.6608437155705769,1.6680109376858965,1.6938396071402595
3986,0.3,0.2,0.5,0.0,0.3,0.7,2.198,1.19,2.128,0.9219240311672708,,1.6649008667919842,1.6608437155705769,1.6774129684042078,
4062,0.3,0.3,0.4,0.0,0.3,0.7,2.161,1.19,2.128,0.9140388741739308,,1.6733479289155664,1.6724998149901966,1.6811682571877082,
4135,0.3,0.4,0.3,0.0,0.3,0.7,2.124,1.19,2.128,0.9061537171805908,,1.6742106561882937,1.6724998149901966,1.686440849206713,
4489,0.4,0.0,0.6,0.0,0.3,0.7,2.186,1.19,2.128,0.9193666829532144,1.689453125,1.6677143667919845,1.6608437155705769,1.6683591001379012,1.684458510158247
4566,0.4,0.1,0.5,0.0,0.3,0.7,2.149,1.19,2.128,0.9114815259598744,,1.6750837622489,1.6724998149901966,1.681997226855762,1.6947892124298465
4636,0.4,0.2,0.4,0.0,0.3,0.7,2.112,1.19,2.128,0.9035963689665344,,1.6773622327648705,1.67391555823344,,
4782,0.5,0.0,0.5,0.0,0.3,0.7,2.1,1.19,2.128,0.9010390207524782,1.6993408203125,1.6811938733760698,1.67581098820887,1.6933875232875315,1.6854081154478324
14,0.0,0.0,1.0,0.1,0.0,0.9,2.53,1.19,2.161,0.9898650881963874,1.60009765625,1.5373846879744104,1.5383224788151486,1.50736874074632,1.6069549928187596
98,0.0,0.1,0.9,0.1,0.0,0.9,2.493,1.19,2.161,0.9820575827043246,1.6129150390625,1.5373846879744104,1.5383224788151486,1.5138832722719249,1.6173032292607363
178,0.0,0.2,0.8,0.1,0.0,0.9,2.456,1.19,2.161,0.974250077212262,1.6258544921875,1.5373846879744104,1.5383224788151486,1.5090751037447292,1.6276514657027117
255,0.0,0.3,0.7,0.1,0.0,0.9,2.419,1.19,2.161,0.9664425717201992,1.638916015625,1.5373846879744104,1.5383224788151486,1.5050401022846962,1.6379997021446884
333,0.0,0.4,0.6,0.1,0.0,0.9,2.382,1.19,2.161,0.9586350662281364,1.6517333984375,1.5373846879744104,1.5383224788151486,1.5248104409799992,1.6483479385866668
409,0.0,0.5,0.5,0.1,0.0,0.9,2.345,1.19,2.161,0.9508275607360738,1.66455078125,1.5373846879744104,1.5383224788151486,1.5061479834017857,1.658696175028643
486,0.0,0.6,0.4,0.1,0.0,0.9,2.308,1.19,2.161,0.9430200552440108,1.6776123046875,1.5373846879744104,1.5383224788151486,1.5178958641618072,1.6690444114706209
563,0.0,0.7,0.3,0.1,0.0,0.9,2.271,1.19,2.161,0.9352125497519482,1.6905517578125,1.5382268618874542,1.539164652728192,1.5175372060806158,1.679392647912597
641,0.0,0.8,0.2,0.1,0.0,0.9,2.234,1.19,2.161,0.9274050442598852,,1.5382268618874542,1.539164652728192,1.527311054044158,1.689740884354575
717,0.0,0.9,0.1,0.1,0.0,0.9,2.197,1.19,2.161,0.9195975387678228,,1.547602053203259,1.5408813544825783,1.526554507506919,
1514,0.1,0.0,0.9,0.1,0.0,0.9,2.4439999999999995,1.19,2.161,0.97171791326889,1.6153564453125,1.5383365827112527,1.5383224788151486,1.543956615349854,1.6079453532070582
1593,0.1,0.1,0.8,0.1,0.0,0.9,2.407,1.19,2.161,0.9639104077768272,1.6282958984375,1.5383365827112527,1.5383224788151486,1.5367599889748944,1.6182935896490371
1670,0.1,0.2,0.7,0.1,0.0,0.9,2.37,1.19,2.161,0.9561029022847648,1.6409912109375,1.5383365827112527,1.5383224788151486,1.5524997439493438,1.6286418260910145
1746,0.1,0.3,0.6,0.1,0.0,0.9,2.333,1.19,2.161,0.948295396792702,1.654052734375,1.5383365827112527,1.5383224788151486,1.5493070350629077,1.638990062532991
1822,0.1,0.4,0.5,0.1,0.0,0.9,2.2960000000000003,1.19,2.161,0.9404878913006396,1.6668701171875,1.5383365827112527,1.5383224788151486,1.5598054086916633,1.6493382989749668
1898,0.1,0.5,0.4,0.1,0.0,0.9,2.2590000000000003,1.19,2.161,0.9326803858085764,1.6798095703125,1.539178756624296,1.539164652728192,1.5535181049991853,1.659686535416943
1974,0.1,0.6,0.3,0.1,0.0,0.9,2.222,1.19,2.161,0.9248728803165138,1.6927490234375,1.539178756624296,1.539164652728192,1.5591230346612388,1.6700347718589217
2050,0.1,0.7,0.2,0.1,0.0,0.9,2.185,1.19,2.161,0.917065374824451,,1.552097841152298,1.5548757460281244,1.5591230346612388,1.6803830083008997
2126,0.1,0.8,0.1,0.1,0.0,0.9,2.148,1.19,2.161,0.9092578693323884,,1.5733006204473583,1.5843464601008612,1.5936559534628856,1.6907312447428755
2829,0.2,0.0,0.8,0.1,0.0,0.9,2.358,1.19,2.161,0.953570738341393,1.6304931640625,1.5383365827112527,1.5383224788151486,1.561010186525544,1.6089357135953604
2907,0.2,0.1,0.7,0.1,0.0,0.9,2.321,1.19,2.161,0.9457632328493302,1.6434326171875,1.5383365827112527,1.5383224788151486,1.5683028464480628,1.6192839500373384
2984,0.2,0.2,0.6,0.1,0.0,0.9,2.284,1.19,2.161,0.9379557273572676,1.65625,1.5383365827112527,1.5383224788151486,1.566143600534268,1.6296321864793133
3060,0.2,0.3,0.5,0.1,0.0,0.9,2.247,1.19,2.161,0.9301482218652048,1.6693115234375,1.539178756624296,1.539164652728192,1.5688436085648878,1.63998042292129
3136,0.2,0.4,0.4,0.1,0.0,0.9,2.21,1.19,2.161,0.922340716373142,1.6822509765625,1.539178756624296,1.539164652728192,1.5737302669896107,1.650328659363267
3212,0.2,0.5,0.3,0.1,0.0,0.9,2.173,1.19,2.161,0.9145332108810792,1.6949462890625,1.5622017968175732,1.5548757460281244,1.5912114945144404,1.6606768958052442
3288,0.2,0.6,0.2,0.1,0.0,0.9,2.136,1.19,2.161,0.9067257053890168,,1.572038081372398,1.5854699045453051,1.6013282278240455,1.67102513224722
3841,0.3,0.0,0.7,0.1,0.0,0.9,2.272,1.19,2.161,0.935423563413896,1.645751953125,1.539178756624296,1.539164652728192,1.5716983938658486,1.6099260739836598
3917,0.3,0.1,0.6,0.1,0.0,0.9,2.235,1.19,2.161,0.927616057921833,1.6585693359375,1.539178756624296,1.539164652728192,1.5752187388099077,1.620274310425637
3993,0.3,0.2,0.5,0.1,0.0,0.9,2.198,1.19,2.161,0.9198085524297704,1.6715087890625,1.539178756624296,1.539164652728192,1.5755027356952986,1.6306225468676128
4069,0.3,0.3,0.4,0.1,0.0,0.9,2.161,1.19,2.161,0.9120010469377076,1.6844482421875,1.5709970207663375,1.5843464601008612,1.6021878557553335,1.640970783309589
4142,0.3,0.4,0.3,0.1,0.0,0.9,2.124,1.19,2.161,0.9041935414456448,1.6973876953125,1.5743165518883686,1.5879267083946091,1.6074604477743388,1.6513190197515684
4496,0.4,0.0,0.6,0.1,0.0,0.9,2.186,1.19,2.161,0.9172763884863986,1.6610107421875,1.5538336744856316,1.5548757460281244,1.575566901261913,1.6109164343719595
4573,0.4,0.1,0.5,0.1,0.0,0.9,2.149,1.19,2.161,0.909468882994336,1.673828125,1.5727328540996708,1.5843464601008612,1.6121348592563085,1.6212646708139342
4643,0.4,0.2,0.4,0.1,0.0,0.9,2.112,1.19,2.161,0.9016613775022732,1.6866455078125,1.5797736702998832,1.5910365828144837,1.621362075258132,1.6316129072559145
16,0.0,0.0,1.0,0.1,0.1,0.8,2.53,1.19,2.1370000000000005,0.9919048235039424,1.673583984375,1.5580250529630697,1.5726837743180564,1.5340591259184242,1.6706525648829924
100,0.0,0.1,0.9,0.1,0.1,0.8,2.493,1.19,2.1370000000000005,0.9840409969623428,1.6849365234375,1.5570897196297364,1.5726837743180564,1.5389361006283264,1.680988083697336
180,0.0,0.2,0.8,0.1,0.1,0.8,2.456,1.19,2.1370000000000005,0.976177170420743,1.6961669921875,1.5570897196297364,1.5726837743180564,1.5461080239009577,1.6913236025116798
257,0.0,0.3,0.7,0.1,0.1,0.8,2.419,1.19,2.1370000000000005,0.9683133438791436,,1.5570897196297364,1.5726837743180564,1.5515152912824837,
335,0.0,0.4,0.6,0.1,0.1,0.8,2.382,1.19,2.1370000000000005,0.9604495173375436,,1.5570897196297364,1.5726837743180564,1.556347946877785,
411,0.0,0.5,0.5,0.1,0.1,0.8,2.345,1.19,2.1370000000000005,0.952585690795944,,1.5570897196297364,1.5726837743180564,1.5376854892995713,
488,0.0,0.6,0.4,0.1,0.1,0.8,2.308,1.19,2.1370000000000005,0.9447218642543443,,1.5570897196297364,1.5726837743180564,1.5475180741073815,
565,0.0,0.7,0.3,0.1,0.1,0.8,2.271,1.19,2.1370000000000005,0.9368580377127445,,1.5570897196297364,1.5726837743180564,1.5471594160261903,
643,0.0,0.8,0.2,0.1,0.1,0.8,2.234,1.19,2.1370000000000005,0.9289942111711448,,1.55793189354278,1.5735259482311,1.5569332639897324,
719,0.0,0.9,0.1,0.1,0.1,0.8,2.197,1.19,2.1370000000000005,0.9211303846295452,,1.5663632252094617,1.5735259482311,1.5561767174524932,
1516,0.1,0.0,0.9,0.1,0.1,0.8,2.4439999999999995,1.19,2.1370000000000005,0.973626740191035,1.6851806640625,1.5580416143665785,1.5726837743180564,1.554898880080741,1.6716133653800362
1595,0.1,0.1,0.8,0.1,0.1,0.8,2.407,1.19,2.1370000000000005,0.9657629136494356,1.6962890625,1.5580416143665785,1.5726837743180564,1.5462398687242982,1.6819488841943828
1672,0.1,0.2,0.7,0.1,0.1,0.8,2.37,1.19,2.1370000000000005,0.9578990871078356,,1.5580416143665785,1.5726837743180564,1.5699266862216148,1.6922844030087276
1748,0.1,0.3,0.6,0.1,0.1,0.8,2.333,1.19,2.1370000000000005,0.950035260566236,,1.5580416143665785,1.5726837743180564,1.5667339773351785,
1824,0.1,0.4,0.5,0.1,0.1,0.8,2.2960000000000003,1.19,2.1370000000000005,0.9421714340246364,,1.5580416143665785,1.5726837743180564,1.575317055011723,
1900,0.1,0.5,0.4,0.1,0.1,0.8,2.2590000000000003,1.19,2.1370000000000005,0.9343076074830368,,1.5588837882796218,1.5735259482311,1.569029751319245,
1976,0.1,0.6,0.3,0.1,0.1,0.8,2.222,1.19,2.1370000000000005,0.9264437809414368,,1.5588837882796218,1.5735259482311,1.5742865185292936,
2052,0.1,0.7,0.2,0.1,0.1,0.8,2.185,1.19,2.1370000000000005,0.9185799543998372,,1.5650115202652832,1.574298790336363,1.5746346809812986,
2128,0.1,0.8,0.1,0.1,0.1,0.8,2.148,1.19,2.1370000000000005,0.9107161278582374,,1.5897898876916563,1.6086088853432603,1.609167599782945,
2831,0.2,0.0,0.8,0.1,0.1,0.8,2.358,1.19,2.1370000000000005,0.9553486568781278,1.696533203125,1.5580416143665785,1.5726837743180564,1.5639589652342654,1.6725741658770832
2909,0.2,0.1,0.7,0.1,0.1,0.8,2.321,1.19,2.1370000000000005,0.947484830336528,,1.5580416143665785,1.5726837743180564,1.5693363292045728,1.6829096846914275
2986,0.2,0.2,0.6,0.1,0.1,0.8,2.284,1.19,2.1370000000000005,0.9396210037949282,,1.5580416143665785,1.5726837743180564,1.5762951171236983,1.6932452035057697
3062,0.2,0.3,0.5,0.1,0.1,0.8,2.247,1.19,2.1370000000000005,0.9317571772533284,,1.5588837882796218,1.5735259482311,1.5742089709160283,
3138,0.2,0.4,0.4,0.1,0.1,0.8,2.21,1.19,2.1370000000000005,0.9238933507117288,,1.5588837882796218,1.5735259482311,1.5838817835790413,
3214,0.2,0.5,0.3,0.1,0.1,0.8,2.173,1.19,2.1370000000000005,0.9160295241701292,,1.5797243973952046,1.5857769633945142,1.601363011103871,
3290,0.2,0.6,0.2,0.1,0.1,0.8,2.136,1.19,2.1370000000000005,0.9081656976285294,,1.5874862880106355,1.6097323297877049,1.6114797444134763,
3351,0.2,0.7,0.1,0.1,0.1,0.8,2.099,1.19,2.1370000000000005,0.9003018710869297,,1.6002165007314897,1.6152990080568828,1.6219330717829148,
3843,0.3,0.0,0.7,0.1,0.1,0.8,2.272,1.19,2.1370000000000005,0.9370705735652204,,1.5580416143665785,1.5726837743180564,1.5727318766223586,1.673534966374128
3919,0.3,0.1,0.6,0.1,0.1,0.8,2.235,1.19,2.1370000000000005,0.9292067470236204,,1.5588837882796218,1.5735259482311,1.5762522215664176,1.683870485188471
3995,0.3,0.2,0.5,0.1,0.1,0.8,2.198,1.19,2.1370000000000005,0.9213429204820208,,1.5588837882796218,1.5735259482311,1.5856542522847292,1.6942060040028153
4071,0.3,0.3,0.4,0.1,0.1,0.8,2.161,1.19,2.1370000000000005,0.913479093940421,,1.5866748686557972,1.6077974659884218,1.6123393723447643,
4144,0.3,0.4,0.3,0.1,0.1,0.8,2.124,1.19,2.1370000000000005,0.9056152673988216,,1.588349015283363,1.6097323297877049,1.6176119643637692,
4498,0.4,0.0,0.6,0.1,0.1,0.8,2.186,1.19,2.1370000000000005,0.9187924902523128,,1.5667473535986167,1.574298790336363,1.5766003840184226,1.674495766871174
4575,0.4,0.1,0.5,0.1,0.1,0.8,2.149,1.19,2.1370000000000005,0.9109286637107132,,1.5892221213439692,1.6086088853432603,1.6131683420128184,1.6848312856855188
4645,0.4,0.2,0.4,0.1,0.1,0.8,2.112,1.19,2.1370000000000005,0.9030648371691132,,1.592974729790974,1.6121891336370089,1.6315135918475627,1.6951668044998622
4786,0.5,0.0,0.5,0.1,0.1,0.8,2.1,1.19,2.1370000000000005,0.9005144069394052,,1.601190123272691,1.6152990080568828,1.625459111363941,1.6754565673682182
18,0.0,0.0,1.0,0.1,0.2,0.7,2.53,1.19,2.113,0.9939742007414896,,1.655045567355316,,1.6342078007637089,
102,0.0,0.1,0.9,0.1,0.2,0.7,2.493,1.19,2.113,0.9860532346791516,,1.655045567355316,,1.6409472492057369,
182,0.0,0.2,0.8,0.1,0.2,0.7,2.456,1.19,2.113,0.9781322686168136,,1.655045567355316,,1.648119172478368,
259,0.0,0.3,0.7,0.1,0.2,0.7,2.419,1.19,2.113,0.9702113025544756,,1.655045567355316,,1.644150106735785,
337,0.0,0.4,0.6,0.1,0.2,0.7,2.382,1.19,2.113,0.9622903364921376,,1.655045567355316,,1.6522986574917526,
413,0.0,0.5,0.5,0.1,0.2,0.7,2.345,1.19,2.113,0.9543693704297996,,1.655045567355316,,1.6368771396274688,
490,0.0,0.6,0.4,0.1,0.2,0.7,2.308,1.19,2.113,0.9464484043674618,,1.655045567355316,,1.6467097244352793,
567,0.0,0.7,0.3,0.1,0.2,0.7,2.271,1.19,2.113,0.938527438305124,,1.655045567355316,,1.646351066354088,
645,0.0,0.8,0.2,0.1,0.2,0.7,2.234,1.19,2.113,0.9306064722427858,,1.655045567355316,,1.6503692113034023,
721,0.0,0.9,0.1,0.1,0.2,0.7,2.197,1.19,2.113,0.922685506180448,,1.657774720652999,,1.654398819004453,
1518,0.1,0.0,0.9,0.1,0.2,0.7,2.4439999999999995,1.19,2.113,0.9755633066506498,,1.655045567355316,,1.6476710035360267,
1597,0.1,0.1,0.8,0.1,0.2,0.7,2.407,1.19,2.113,0.967642340588312,,1.655045567355316,,1.660064280943455,
1674,0.1,0.2,0.7,0.1,0.2,0.7,2.37,1.19,2.113,0.959721374525974,,1.655045567355316,,1.6626988096769006,
1750,0.1,0.3,0.6,0.1,0.2,0.7,2.333,1.19,2.113,0.951800408463636,,1.655045567355316,,1.6595061007904643,
1826,0.1,0.4,0.5,0.1,0.2,0.7,2.2960000000000003,1.19,2.113,0.9438794424012984,,1.655045567355316,,1.6680891784670089,
1902,0.1,0.5,0.4,0.1,0.2,0.7,2.2590000000000003,1.19,2.113,0.9359584763389602,,1.655045567355316,,1.661801874774531,
1978,0.1,0.6,0.3,0.1,0.2,0.7,2.222,1.19,2.113,0.9280375102766222,,1.655045567355316,,1.6670586419845794,
2054,0.1,0.7,0.2,0.1,0.2,0.7,2.185,1.19,2.113,0.9201165442142843,,1.657158963077241,,1.6674068044365844,
2130,0.1,0.8,0.1,0.1,0.2,0.7,2.148,1.19,2.113,0.9121955781519464,,1.669323027143293,,1.677849401480081,
2833,0.2,0.0,0.8,0.1,0.2,0.7,2.358,1.19,2.113,0.9571524125598104,,1.655045567355316,,1.653412631703095,
2911,0.2,0.1,0.7,0.1,0.2,0.7,2.321,1.19,2.113,0.9492314464974724,,1.655045567355316,,1.657382935259322,
2988,0.2,0.2,0.6,0.1,0.2,0.7,2.284,1.19,2.113,0.9413104804351344,,1.655045567355316,,1.6657487835925282,
3064,0.2,0.3,0.5,0.1,0.2,0.7,2.247,1.19,2.113,0.9333895143727964,,1.655045567355316,,1.6636626373848582,
3140,0.2,0.4,0.4,0.1,0.2,0.7,2.21,1.19,2.113,0.9254685483104588,,1.655045567355316,,1.673335450047871,
3216,0.2,0.5,0.3,0.1,0.2,0.7,2.173,1.19,2.113,0.9175475822481204,,1.6645101065649606,,1.6754759472937273,
3292,0.2,0.6,0.2,0.1,0.2,0.7,2.136,1.19,2.113,0.9096266161857828,,1.6687072695675351,,1.6793432568453566,
3353,0.2,0.7,0.1,0.1,0.2,0.7,2.099,1.19,2.113,0.9017056501234448,,1.6740456709502016,,1.6888961112954417,
3845,0.3,0.0,0.7,0.1,0.2,0.7,2.272,1.19,2.113,0.9387415184689708,,1.655045567355316,,1.6621855430911885,
3921,0.3,0.1,0.6,0.1,0.2,0.7,2.235,1.19,2.113,0.9308205524066328,,1.655045567355316,,1.662656156062947,
3997,0.3,0.2,0.5,0.1,0.2,0.7,2.198,1.19,2.113,0.9228995863442948,,1.655045567355316,,1.675107918753559,
4073,0.3,0.3,0.4,0.1,0.2,0.7,2.161,1.19,2.113,0.9149786202819572,,1.6645101065649606,,1.677549713130884,
4146,0.3,0.4,0.3,0.1,0.2,0.7,2.124,1.19,2.113,0.907057654219619,,1.6695699968402624,,1.6854754767956492,
4500,0.4,0.0,0.6,0.1,0.2,0.7,2.186,1.19,2.113,0.9203306243781312,,1.6588947964105745,,1.6660540504872523,
4577,0.4,0.1,0.5,0.1,0.2,0.7,2.149,1.19,2.113,0.9124096583157936,,1.6704431029008686,,1.6802977583984111,
4647,0.4,0.2,0.4,0.1,0.2,0.7,2.112,1.19,2.113,0.9044886922534552,,1.671305830173596,,1.6993771042794428,
4788,0.5,0.0,0.5,0.1,0.2,0.7,2.1,1.19,2.113,0.9019197302872916,,1.6751657467077772,,1.6943590784745033,
26,0.0,0.0,1.0,0.2,0.0,0.8,2.53,1.19,2.1220000000000003,0.9931946697100902,,1.5925425608988877,1.6310641376195665,1.5750322850897205,
110,0.0,0.1,0.9,0.2,0.0,0.8,2.493,1.19,2.1220000000000003,0.985295228012052,,1.5925425608988877,1.6310641376195665,1.5799092597996227,
190,0.0,0.2,0.8,0.2,0.0,0.8,2.456,1.19,2.1220000000000003,0.977395786314014,,1.5925425608988877,1.6310641376195665,1.5788098216258928,
267,0.0,0.3,0.7,0.2,0.0,0.8,2.419,1.19,2.1220000000000003,0.9694963446159758,,1.5925425608988877,1.6310641376195665,1.5916491253811524,
345,0.0,0.4,0.6,0.2,0.0,0.8,2.382,1.19,2.1220000000000003,0.9615969029179376,,1.5925425608988877,1.6310641376195665,1.58904974460272,
421,0.0,0.5,0.5,0.2,0.0,0.8,2.345,1.19,2.1220000000000003,0.9536974612198996,,1.5925425608988877,1.6310641376195665,1.5703872870245066,
498,0.0,0.6,0.4,0.2,0.0,0.8,2.308,1.19,2.1220000000000003,0.9457980195218614,,1.5925425608988877,1.6310641376195665,1.582135167784528,
575,0.0,0.7,0.3,0.2,0.0,0.8,2.271,1.19,2.1220000000000003,0.9378985778238236,,1.5925425608988877,1.6310641376195665,1.5817765097033367,
653,0.0,0.8,0.2,0.2,0.0,0.8,2.234,1.19,2.1220000000000003,0.9299991361257852,,1.5933847348119312,1.6310641376195665,1.5915503576668788,
729,0.0,0.9,0.1,0.2,0.0,0.8,2.197,1.19,2.1220000000000003,0.9220996944277472,,1.6009010664786134,1.6310641376195665,1.5907938111296396,
1526,0.1,0.0,0.9,0.2,0.0,0.8,2.4439999999999995,1.19,2.1220000000000003,0.9748338052227584,,1.5925425608988877,1.6310641376195665,1.6032275858764116,
1605,0.1,0.1,0.8,0.2,0.0,0.8,2.407,1.19,2.1220000000000003,0.96693436352472,,1.5925425608988877,1.6310641376195665,1.6164675356703997,
1682,0.1,0.2,0.7,0.2,0.0,0.8,2.37,1.19,2.1220000000000003,0.959034921826682,,1.5925425608988877,1.6310641376195665,1.6099840305709243,
1758,0.1,0.3,0.6,0.2,0.0,0.8,2.333,1.19,2.1220000000000003,0.951135480128644,,1.5925425608988877,1.6310641376195665,1.6067913216844882,
1834,0.1,0.4,0.5,0.2,0.0,0.8,2.2960000000000003,1.19,2.1220000000000003,0.943236038430606,,1.5925425608988877,1.6310641376195665,1.617289695313244,
1910,0.1,0.5,0.4,0.2,0.0,0.8,2.2590000000000003,1.19,2.1220000000000003,0.9353365967325676,,1.5933847348119312,1.6310641376195665,1.611002391620766,
1986,0.1,0.6,0.3,0.2,0.0,0.8,2.222,1.19,2.1220000000000003,0.9274371550345296,,1.5933847348119312,1.6310641376195665,1.6162591588308146,
2062,0.1,0.7,0.2,0.2,0.0,0.8,2.185,1.19,2.1220000000000003,0.9195377133364916,,1.5995124667975926,1.6318369797248296,1.6166073212828196,
2138,0.1,0.8,0.1,0.2,0.0,0.8,2.148,1.19,2.1220000000000003,0.9116382716384532,,1.6188016053854772,1.655504534404164,1.6385434708445752,
2841,0.2,0.0,0.8,0.2,0.0,0.8,2.358,1.19,2.1220000000000003,0.9564729407354264,,1.5925425608988877,1.6310641376195665,1.618494473147125,
2919,0.2,0.1,0.7,0.2,0.0,0.8,2.321,1.19,2.1220000000000003,0.9485734990373884,,1.5925425608988877,1.6310641376195665,1.624380072655563,
2996,0.2,0.2,0.6,0.2,0.0,0.8,2.284,1.19,2.1220000000000003,0.9406740573393504,,1.5925425608988877,1.6310641376195665,1.6236278871558487,
3072,0.2,0.3,0.5,0.2,0.0,0.8,2.247,1.19,2.1220000000000003,0.932774615641312,,1.5933847348119312,1.6310641376195665,1.6215417409481787,
3148,0.2,0.4,0.4,0.2,0.0,0.8,2.21,1.19,2.1220000000000003,0.924875173943274,,1.5933847348119312,1.6310641376195665,1.6312145536111915,
3224,0.2,0.5,0.3,0.2,0.0,0.8,2.173,1.19,2.1220000000000003,0.916975732245236,,1.6104625344438643,1.6403691763520043,1.6423484356541065,
3299,0.2,0.6,0.2,0.2,0.0,0.8,2.136,1.19,2.1220000000000003,0.909076290547198,,1.6174130057044565,1.655504534404164,1.646215745205735,
3359,0.2,0.7,0.1,0.2,0.0,0.8,2.099,1.19,2.1220000000000003,0.9011768488491596,,1.6262559361430282,1.6589940409561708,1.6566690725751736,
3853,0.3,0.0,0.7,0.2,0.0,0.8,2.272,1.19,2.1220000000000003,0.9381120762480948,,1.5925425608988877,1.6310641376195665,1.6291826804874294,
3929,0.3,0.1,0.6,0.2,0.0,0.8,2.235,1.19,2.1220000000000003,0.9302126345500564,,1.5933847348119312,1.6310641376195665,1.6327030254314885,
4005,0.3,0.2,0.5,0.2,0.0,0.8,2.198,1.19,2.1220000000000003,0.9223131928520184,,1.5933847348119312,1.6310641376195665,1.6329870223168794,
4080,0.3,0.3,0.4,0.2,0.0,0.8,2.161,1.19,2.1220000000000003,0.9144137511539804,,1.6104625344438643,1.6403691763520043,1.6444222014912628,
4153,0.3,0.4,0.3,0.2,0.0,0.8,2.124,1.19,2.1220000000000003,0.9065143094559422,,1.6182757329771835,1.655504534404164,1.6523479651560284,
4508,0.4,0.0,0.6,0.2,0.0,0.8,2.186,1.19,2.1220000000000003,0.9197512117607628,,1.601248300130926,1.6310641376195665,1.6330511878834937,
4584,0.4,0.1,0.5,0.2,0.0,0.8,2.149,1.19,2.1220000000000003,0.9118517700627248,,1.61914883903779,1.655504534404164,1.656288280591711,
4654,0.4,0.2,0.4,0.2,0.0,0.8,2.112,1.19,2.1220000000000003,0.9039523283646864,,1.6229014474847947,1.657961338253468,1.6662495926398215,
4793,0.5,0.0,0.5,0.2,0.0,0.8,2.1,1.19,2.1220000000000003,0.9013903472734308,,1.6266031697953407,1.6589940409561708,1.6693131459891206,
28,0.0,0.0,1.0,0.2,0.1,0.7,2.53,1.19,2.098,0.995282902473036,,1.6562729185457925,,1.617153055264583,
112,0.0,0.1,0.9,0.2,0.1,0.7,2.493,1.19,2.098,0.9873258006166178,,1.6562729185457925,,1.623892503706611,
192,0.0,0.2,0.8,0.2,0.1,0.7,2.456,1.19,2.098,0.9793686987602,,1.6562729185457925,,1.6310644269792425,
269,0.0,0.3,0.7,0.2,0.1,0.7,2.419,1.19,2.098,0.971411596903782,,1.6562729185457925,,1.6270953612366592,
347,0.0,0.4,0.6,0.2,0.1,0.7,2.382,1.19,2.098,0.963454495047364,,1.6562729185457925,,1.6352439119926268,
423,0.0,0.5,0.5,0.2,0.1,0.7,2.345,1.19,2.098,0.955497393190946,,1.6562729185457925,,1.619822394128343,
500,0.0,0.6,0.4,0.2,0.1,0.7,2.308,1.19,2.098,0.947540291334528,,1.6562729185457925,,1.6296549789361534,
577,0.0,0.7,0.3,0.2,0.1,0.7,2.271,1.19,2.098,0.93958318947811,,1.6562729185457925,,1.629296320854962,
655,0.0,0.8,0.2,0.2,0.1,0.7,2.234,1.19,2.098,0.9316260876216922,,1.6562729185457925,,1.6342840145802142,
731,0.0,0.9,0.1,0.2,0.1,0.7,2.197,1.19,2.098,0.9236689857652742,,1.659002071843475,,1.6383136222812649,
1528,0.1,0.0,0.9,0.2,0.1,0.7,2.4439999999999995,1.19,2.098,0.9767880170770372,,1.6562729185457925,,1.6343249883903663,
1607,0.1,0.1,0.8,0.2,0.1,0.7,2.407,1.19,2.098,0.9688309152206194,,1.6562729185457925,,1.6504415718180627,
1684,0.1,0.2,0.7,0.2,0.1,0.7,2.37,1.19,2.098,0.9608738133642014,,1.6562729185457925,,1.6456440641777748,
1760,0.1,0.3,0.6,0.2,0.1,0.7,2.333,1.19,2.098,0.9529167115077832,,1.6562729185457925,,1.6424513552913385,
1836,0.1,0.4,0.5,0.2,0.1,0.7,2.2960000000000003,1.19,2.098,0.9449596096513656,,1.6562729185457925,,1.651034432967883,
1912,0.1,0.5,0.4,0.2,0.1,0.7,2.2590000000000003,1.19,2.098,0.9370025077949476,,1.6562729185457925,,1.644747129275405,
1988,0.1,0.6,0.3,0.2,0.1,0.7,2.222,1.19,2.098,0.9290454059385296,,1.6562729185457925,,1.6500038964854535,
2064,0.1,0.7,0.2,0.2,0.1,0.7,2.185,1.19,2.098,0.9210883040821116,,1.658386314267717,,1.6503520589374585,
2140,0.1,0.8,0.1,0.2,0.1,0.7,2.148,1.19,2.098,0.9131312022256938,,1.670550378333769,,1.666050443848661,
2843,0.2,0.0,0.8,0.2,0.1,0.7,2.358,1.19,2.098,0.9582931316810388,,1.6562729185457925,,1.639676343190425,
2921,0.2,0.1,0.7,0.2,0.1,0.7,2.321,1.19,2.098,0.9503360298246208,,1.6562729185457925,,1.6436466467466522,
2998,0.2,0.2,0.6,0.2,0.1,0.7,2.284,1.19,2.098,0.9423789279682028,,1.6562729185457925,,1.6520124950798585,
3074,0.2,0.3,0.5,0.2,0.1,0.7,2.247,1.19,2.098,0.9344218261117848,,1.6562729185457925,,1.6499263488721885,
3150,0.2,0.4,0.4,0.2,0.1,0.7,2.21,1.19,2.098,0.926464724255367,,1.6562729185457925,,1.6592509990831965,
3226,0.2,0.5,0.3,0.2,0.1,0.7,2.173,1.19,2.098,0.918507622398949,,1.6637874577554368,,1.666995446648763,
3301,0.2,0.6,0.2,0.2,0.1,0.7,2.136,1.19,2.098,0.910550520542531,,1.6699346207580117,,1.6708627562003924,
3361,0.2,0.7,0.1,0.2,0.1,0.7,2.099,1.19,2.098,0.9025934186861132,,1.6752730221406775,,1.682352538248513,
3855,0.3,0.0,0.7,0.2,0.1,0.7,2.272,1.19,2.098,0.9397982462850402,,1.6562729185457925,,1.6484492545785183,
3931,0.3,0.1,0.6,0.2,0.1,0.7,2.235,1.19,2.098,0.9318411444286224,,1.6562729185457925,,1.6489198675502772,
4007,0.3,0.2,0.5,0.2,0.1,0.7,2.198,1.19,2.098,0.9238840425722042,,1.6562729185457925,,1.6613716302408892,
4082,0.3,0.3,0.4,0.2,0.1,0.7,2.161,1.19,2.098,0.9159269407157864,,1.665737457755437,,1.6690692124859197,
4155,0.3,0.4,0.3,0.2,0.1,0.7,2.124,1.19,2.098,0.9079698388593684,,1.6707973480307388,,1.676994976150685,
4193,0.3,0.5,0.2,0.2,0.1,0.7,2.087,1.19,2.098,0.9000127370029504,,1.6816766140677095,,1.6947334707037691,
4510,0.4,0.0,0.6,0.2,0.1,0.7,2.186,1.19,2.098,0.921303360889042,,1.6601221476010508,,1.6523177619745826,
4586,0.4,0.1,0.5,0.2,0.1,0.7,2.149,1.19,2.098,0.9133462590326238,,1.671670454091345,,1.6718172577534471,
4656,0.4,0.2,0.4,0.2,0.1,0.7,2.112,1.19,2.098,0.905389157176206,,1.6725331813640718,,1.6908966036344786,
4795,0.5,0.0,0.5,0.2,0.1,0.7,2.1,1.19,2.098,0.9028084754930432,,1.6753603951955507,,1.685878577829539,
30,0.0,0.0,1.0,0.2,0.2,0.6,2.53,1.19,2.074,0.9974018445413186,,1.690296758890426,,1.6605082127162067,
114,0.0,0.1,0.9,0.2,0.2,0.6,2.493,1.19,2.074,0.9893862345830156,,1.690296758890426,,1.6616370826618745,
194,0.0,0.2,0.8,0.2,0.2,0.6,2.456,1.19,2.074,0.981370624624712,,1.690296758890426,,1.6737319079147708,
271,0.0,0.3,0.7,0.2,0.2,0.6,2.419,1.19,2.074,0.9733550146664086,,1.690296758890426,,1.6697628421721875,
349,0.0,0.4,0.6,0.2,0.2,0.6,2.382,1.19,2.074,0.9653394047081052,,1.690296758890426,,1.679644274346746,
425,0.0,0.5,0.5,0.2,0.2,0.6,2.345,1.19,2.074,0.9573237947498018,,1.690296758890426,,1.6630517851724087,
502,0.0,0.6,0.4,0.2,0.2,0.6,2.308,1.19,2.074,0.9493081847914984,,1.690296758890426,,1.6728100918326192,
579,0.0,0.7,0.3,0.2,0.2,0.6,2.271,1.19,2.074,0.9412925748331952,,1.690296758890426,,1.6725257118990275,
657,0.0,0.8,0.2,0.2,0.2,0.6,2.234,1.19,2.074,0.9332769648748916,,1.690296758890426,,1.676543856848342,
733,0.0,0.9,0.1,0.2,0.2,0.6,2.197,1.19,2.074,0.9252613549165885,,1.6938175788547754,,1.6784156792323766,
1530,0.1,0.0,0.9,0.2,0.2,0.6,2.4439999999999995,1.19,2.074,0.9787709673409378,,1.690296758890426,,1.6769924693258949,
1609,0.1,0.1,0.8,0.2,0.2,0.6,2.407,1.19,2.074,0.9707553573826346,,1.690296758890426,,1.6778962045923134,
1686,0.1,0.2,0.7,0.2,0.2,0.6,2.37,1.19,2.074,0.962739747424331,,1.690296758890426,,1.6876494783088924,
1762,0.1,0.3,0.6,0.2,0.2,0.6,2.333,1.19,2.074,0.9547241374660278,,1.690296758890426,,1.685680746335404,
1838,0.1,0.4,0.5,0.2,0.2,0.6,2.2960000000000003,1.19,2.074,0.9467085275077244,,1.690296758890426,,1.6942638240119483,
1914,0.1,0.5,0.4,0.2,0.2,0.6,2.2590000000000003,1.19,2.074,0.9386929175494212,,1.690296758890426,,1.6879765203194703,
1990,0.1,0.6,0.3,0.2,0.2,0.6,2.222,1.19,2.074,0.9306773075911176,,1.690296758890426,,1.6884471332912292,
2066,0.1,0.7,0.2,0.2,0.2,0.6,2.185,1.19,2.074,0.9226616976328144,,1.692410154612351,,1.691423664664508,
2142,0.1,0.8,0.1,0.2,0.2,0.6,2.148,1.19,2.074,0.9146460876745108,,1.699436661736434,,1.6992130900622444,
2845,0.2,0.0,0.8,0.2,0.2,0.6,2.358,1.19,2.074,0.9601400901405572,,1.690296758890426,,1.6783633003350868,
2923,0.2,0.1,0.7,0.2,0.2,0.6,2.321,1.19,2.074,0.9521244801822536,,1.690296758890426,,1.6823336038913137,
3000,0.2,0.2,0.6,0.2,0.2,0.6,2.284,1.19,2.074,0.9441088702239504,,1.690296758890426,,1.69069945222452,
3076,0.2,0.3,0.5,0.2,0.2,0.6,2.247,1.19,2.074,0.936093260265647,,1.690296758890426,,1.6898372829297978,
3152,0.2,0.4,0.4,0.2,0.2,0.6,2.21,1.19,2.074,0.9280776503073436,,1.690296758890426,,1.6970041478237896,
3228,0.2,0.5,0.3,0.2,0.2,0.6,2.173,1.19,2.074,0.9200620403490402,,1.6978112981000706,,1.6994928075216509,
3303,0.2,0.6,0.2,0.2,0.2,0.6,2.136,1.19,2.074,0.9120464303907369,,,,1.6999728493812325,
3857,0.3,0.0,0.7,0.2,0.2,0.6,2.272,1.19,2.074,0.9415092129401764,,1.690296758890426,,1.68713621172318,
3933,0.3,0.1,0.6,0.2,0.2,0.6,2.235,1.19,2.074,0.9334936029818728,,1.690296758890426,,1.6876068246949387,
4009,0.3,0.2,0.5,0.2,0.2,0.6,2.198,1.19,2.074,0.9254779930235696,,1.690296758890426,,1.6979008020685349,
4084,0.3,0.3,0.4,0.2,0.2,0.6,2.161,1.19,2.074,0.917462383065266,,1.6988209041606763,,,
4512,0.4,0.0,0.6,0.2,0.2,0.6,2.186,1.19,2.074,0.9228783357397954,,1.6941459879456844,,1.688846933802228,
37,0.0,0.0,1.0,0.3,0.0,0.7,2.53,1.19,2.083,0.9966035996375016,,1.6582125018791256,,1.6076952814368983,
121,0.0,0.1,0.9,0.3,0.0,0.7,2.493,1.19,2.083,0.9886100307698262,,1.6582125018791256,,1.613228665114534,
198,0.0,0.2,0.8,0.3,0.0,0.7,2.456,1.19,2.083,0.9806164619021503,,1.6582125018791256,,1.6126476151891014,
276,0.0,0.3,0.7,0.3,0.0,0.7,2.419,1.19,2.083,0.9726228930344748,,1.6582125018791256,,1.6086785494465183,
353,0.0,0.4,0.6,0.3,0.0,0.7,2.382,1.19,2.083,0.9646293241667994,,1.6582125018791256,,1.6173890103110231,
430,0.0,0.5,0.5,0.3,0.0,0.7,2.345,1.19,2.083,0.9566357552991238,,1.6582125018791256,,1.6019674924467395,
506,0.0,0.6,0.4,0.3,0.0,0.7,2.308,1.19,2.083,0.9486421864314482,,1.6582125018791256,,1.613641095059161,
584,0.0,0.7,0.3,0.3,0.0,0.7,2.271,1.19,2.083,0.9406486175637726,,1.6582125018791256,,1.6133567151255697,
661,0.0,0.8,0.2,0.3,0.0,0.7,2.234,1.19,2.083,0.932655048696097,,1.6582125018791256,,1.618344408850822,
737,0.0,0.9,0.1,0.3,0.0,0.7,2.197,1.19,2.083,0.9246614798284216,,1.6609416551768084,,1.6202162312348565,
1535,0.1,0.0,0.9,0.3,0.0,0.7,2.4439999999999995,1.19,2.083,0.9780239530802016,,1.6582125018791256,,1.6368427625917294,
1614,0.1,0.1,0.8,0.3,0.0,0.7,2.407,1.19,2.083,0.9700303842125262,,1.6582125018791256,,1.6385931702447076,
1690,0.1,0.2,0.7,0.3,0.0,0.7,2.37,1.19,2.083,0.9620368153448504,,1.6582125018791256,,1.6392284101283658,
1766,0.1,0.3,0.6,0.3,0.0,0.7,2.333,1.19,2.083,0.954043246477175,,1.6582125018791256,,1.6372596781548774,
1842,0.1,0.4,0.5,0.3,0.0,0.7,2.2960000000000003,1.19,2.083,0.9460496776094994,,1.6582125018791256,,1.6477580517836332,
1918,0.1,0.5,0.4,0.3,0.0,0.7,2.2590000000000003,1.19,2.083,0.9380561087418238,,1.6582125018791256,,1.6414707480911552,
1994,0.1,0.6,0.3,0.3,0.0,0.7,2.222,1.19,2.083,0.930062539874148,,1.6582125018791256,,1.6445697299841875,
2070,0.1,0.7,0.2,0.3,0.0,0.7,2.185,1.19,2.083,0.9220689710064728,,1.6603258976010509,,1.644917892436193,
2146,0.1,0.8,0.1,0.3,0.0,0.7,2.148,1.19,2.083,0.9140754021387968,,1.6724899616671025,,1.6579631057016346,
2850,0.2,0.0,0.8,0.3,0.0,0.7,2.358,1.19,2.083,0.959444306522902,,1.6582125018791256,,1.6477388527045662,
2928,0.2,0.1,0.7,0.3,0.0,0.7,2.321,1.19,2.083,0.951450737655226,,1.6582125018791256,,1.6536244522130044,
3004,0.2,0.2,0.6,0.3,0.0,0.7,2.284,1.19,2.083,0.9434571687875504,,1.6582125018791256,,1.65287226671329,
3080,0.2,0.3,0.5,0.3,0.0,0.7,2.247,1.19,2.083,0.9354635999198748,,1.6582125018791256,,1.652010097418568,
3156,0.2,0.4,0.4,0.3,0.0,0.7,2.21,1.19,2.083,0.9274700310521992,,1.6582125018791256,,1.6591769623125596,
3232,0.2,0.5,0.3,0.3,0.0,0.7,2.173,1.19,2.083,0.9194764621845236,,1.66572704108877,,1.6669214098781264,
3307,0.2,0.6,0.2,0.3,0.0,0.7,2.136,1.19,2.083,0.9114828933168482,,1.6718742040913448,,1.6681355477839952,
3365,0.2,0.7,0.1,0.3,0.0,0.7,2.099,1.19,2.083,0.9034893244491724,,1.6761799027713085,,1.6796253298321158,
3861,0.3,0.0,0.7,0.3,0.0,0.7,2.272,1.19,2.083,0.9408646599656018,,1.6582125018791256,,1.6584270600448707,
3937,0.3,0.1,0.6,0.3,0.0,0.7,2.235,1.19,2.083,0.932871091097926,,1.6582125018791256,,1.6588976730166294,
4013,0.3,0.2,0.5,0.3,0.0,0.7,2.198,1.19,2.083,0.9248775222302508,,1.6582125018791256,,1.660073616557305,
4088,0.3,0.3,0.4,0.3,0.0,0.7,2.161,1.19,2.083,0.9168839533625748,,1.6676770410887705,,1.6685151338557014,
4160,0.3,0.4,0.3,0.3,0.0,0.7,2.124,1.19,2.083,0.9088903844948992,,1.672736931364072,,1.674267767734288,
4196,0.3,0.5,0.2,0.3,0.0,0.7,2.087,1.19,2.083,0.9008968156272236,,1.6809620414466409,,1.6874015451107465,
4517,0.4,0.0,0.6,0.3,0.0,0.7,2.186,1.19,2.083,0.9222850134083016,,1.662061730934384,,1.6601377821239187,
4591,0.4,0.1,0.5,0.3,0.0,0.7,2.149,1.19,2.083,0.914291444540626,,1.6694128744221035,,1.6769841062570228,
4661,0.4,0.2,0.4,0.3,0.0,0.7,2.112,1.19,2.083,0.9062978756729504,,1.6744727646974054,,1.6869454183051336,
4799,0.5,0.0,0.5,0.3,0.0,0.7,2.1,1.19,2.083,0.9037053668510014,,1.677299978528884,,1.691045426333115,
39,0.0,0.0,1.0,0.3,0.1,0.6,2.53,1.19,2.059,0.9987420802908792,,,,1.643846904973326,
123,0.0,0.1,0.9,0.3,0.1,0.6,2.493,1.19,2.059,0.9906894638230728,,,,1.6495844552863248,
200,0.0,0.2,0.8,0.3,0.1,0.6,2.456,1.19,2.059,0.9826368473552668,,,,1.6698749055844615,
278,0.0,0.3,0.7,0.3,0.1,0.6,2.419,1.19,2.059,0.9745842308874606,,,,1.6659058398418785,
355,0.0,0.4,0.6,0.3,0.1,0.6,2.382,1.19,2.059,0.9665316144196544,,,,1.6771251883684242,
432,0.0,0.5,0.5,0.3,0.1,0.6,2.345,1.19,2.059,0.9584789979518482,,,,1.6591947828420994,
508,0.0,0.6,0.4,0.3,0.1,0.6,2.308,1.19,2.059,0.950426381484042,,,,1.66895308950231,
586,0.0,0.7,0.3,0.3,0.1,0.6,2.271,1.19,2.059,0.9423737650162358,,,,1.6685944314211183,
663,0.0,0.8,0.2,0.3,0.1,0.6,2.234,1.19,2.059,0.9343211485484296,,,,1.6722987922575412,
739,0.0,0.9,0.1,0.3,0.1,0.6,2.197,1.19,2.059,0.9262685320806237,,,,1.671542245720302,
1537,0.1,0.0,0.9,0.3,0.1,0.6,2.4439999999999995,1.19,2.059,0.9800251879603026,,,,1.6647394237523518,
1616,0.1,0.1,0.8,0.3,0.1,0.6,2.407,1.19,2.059,0.9719725714924964,,,,1.6640182969349435,
1692,0.1,0.2,0.7,0.3,0.1,0.6,2.37,1.19,2.059,0.9639199550246904,,,,1.681967195696763,
1768,0.1,0.3,0.6,0.3,0.1,0.6,2.333,1.19,2.059,0.955867338556884,,,,1.6799984637232743,
1844,0.1,0.4,0.5,0.3,0.1,0.6,2.2960000000000003,1.19,2.059,0.947814722089078,,,,1.6885072632522191,
1920,0.1,0.5,0.4,0.3,0.1,0.6,2.2590000000000003,1.19,2.059,0.9397621056212718,,,,1.6822199595597414,
1996,0.1,0.6,0.3,0.3,0.1,0.6,2.222,1.19,2.059,0.9317094891534656,,,,1.6826905725315,
2072,0.1,0.7,0.2,0.3,0.1,0.6,2.185,1.19,2.059,0.9236568726856592,,,,1.6798759190902248,
2148,0.1,0.8,0.1,0.3,0.1,0.6,2.148,1.19,2.059,0.9156042562178534,,,,1.6929211323556668,
2852,0.2,0.0,0.8,0.3,0.1,0.6,2.358,1.19,2.059,0.961308295629726,,,,1.6678038496641734,
2930,0.2,0.1,0.7,0.3,0.1,0.6,2.321,1.19,2.059,0.95325567916192,,,,1.6717741532204002,
3006,0.2,0.2,0.6,0.3,0.1,0.6,2.284,1.19,2.059,0.9452030626941136,,,,1.6869285661847662,
3082,0.2,0.3,0.5,0.3,0.1,0.6,2.247,1.19,2.059,0.9371504462263076,,,,1.6873991791565248,
3158,0.2,0.4,0.4,0.3,0.1,0.6,2.21,1.19,2.059,0.9290978297585016,,,,1.6919376751292428,
3234,0.2,0.5,0.3,0.3,0.1,0.6,2.173,1.19,2.059,0.9210452132906952,,,,1.6965193068015294,
3309,0.2,0.6,0.2,0.3,0.1,0.6,2.136,1.19,2.059,0.9129925968228892,,,,1.6941945518408688,
3863,0.3,0.0,0.7,0.3,0.1,0.6,2.272,1.19,2.059,0.9425914032991496,,,,1.6727717506481194,
3939,0.3,0.1,0.6,0.3,0.1,0.6,2.235,1.19,2.059,0.9345387868313436,,,,1.673242363619878,
4015,0.3,0.2,0.5,0.3,0.1,0.6,2.198,1.19,2.059,0.9264861703635372,,,,1.6887554346654354,
4090,0.3,0.3,0.4,0.3,0.1,0.6,2.161,1.19,2.059,0.9184335538957312,,,,1.697553373398429,
4519,0.4,0.0,0.6,0.3,0.1,0.6,2.186,1.19,2.059,0.9238745109685732,,,,1.670427710178603,
4593,0.4,0.1,0.5,0.3,0.1,0.6,2.149,1.19,2.059,0.915821894500767,,,,1.687274034311707,
4801,0.5,0.0,0.5,0.3,0.1,0.6,2.1,1.19,2.059,0.9051576186379964,,,,1.696026316297524,
